Rank;Company;Previous Rank;Revenues ($M);Profits ($M);Assets ($M);Market Value ($M);Employees;CEO;CEO Title;CEO Gender;Sector;Industry;Years on Fortune 500 List;City;State;Latitude;Longitude
1;Walmart;1;500343;9862;204522;263563;2300000;C. Douglas McMillon;President, Chief Executive Officer &  Director;Male;Retailing;General Merchandisers;24;Bentonville;AR;36.3728538;-94.2088172
2;Exxon Mobil;4;244363;19710;348691;316157;71200;Darren W. Woods;Chairman &  Chief Executive Officer;Male;Energy;Petroleum Refining;24;Irving;TX;32.8140177;-96.9488945
3;Berkshire Hathaway;2;242137;44940;702095;492008;377000;Warren E. Buffett;Chairman, President &  Chief Executive Officer;Male;Financials;Insurance: Property and Casualty (Stock);24;Omaha;NE;41.2565369;-95.9345034
4;Apple;3;229234;48351;375319;851318;123000;Timothy D. Cook;Chairman &  Chief Executive Officer;Male;Technology;Computers, Office Equipment;24;Cupertino;CA;37.3229978;-122.0321823
5;UnitedHealth Group;6;201159;10558;139058;207080;260000;David S. Wichmann;Chairman &  Chief Executive Officer;Male;Health Care;Health Care: Insurance and Managed Care;24;Minnetonka;MN;44.9211836;-93.4687489
6;McKesson;5;198533;5070;60969;29067;64500;John H. Hammergren;Chairman, President &  Chief Executive Officer;Male;Wholesalers;Wholesalers: Health Care;24;SF;CA;37.7749295;-122.4194155
7;CVS Health;7;184765;6622;95131;63114;203000;Larry J. Merlo;President, Chief Executive Officer &  Director;Male;Health Care;Health Care: Pharmacy and Other Services;24;Woonsocket;RI;;
8;Amazon.com;12;177866;3033;131310;700668;566000;Jeffrey P. Bezos;Chairman, President &  Chief Executive Officer;Male;Retailing;Internet Services and Retailing;17;Seattle;WA;47.6062095;-122.3320708
9;AT&T;9;160546;29450;444097;218946;254000;Randall L. Stephenson;Chairman, President &  Chief Executive Officer;Male;Telecommunications;;24;Dallas;TX;32.7766642;-96.7969879
10;General Motors;8;157311;-3864;212482;50972;180000;Mary T. Barra;Chairman &  Chief Executive Officer;Female;Motor Vehicles &  Parts;Motor Vehicles and Parts;24;Detroit;MI;42.331427;-83.0457538
11;Ford Motor;10;156776;7602;257808;44244;202000;James P. Hackett;President, Chief Executive Officer &  Director;Male;Motor Vehicles &  Parts;Motor Vehicles and Parts;24;Dearborn;MI;42.3222599;-83.1763145
12;AmerisourceBergen;11;153144;364.5;35317;18938;19500;Steven H. Collis;Chairman, President &  Chief Executive Officer;Male;Wholesalers;Wholesalers: Health Care;24;Chesterbrook;PA;40.0756627;-75.4590816
13;Chevron;19;134533;9195;253806;217845;51900;Michael K. Wirth;Chairman &  Chief Executive Officer;Male;Energy;;24;San Ramon;CA;37.7799273;-121.9780153
14;Cardinal Health;15;129976;1288;40112;19726;40400;Michael C. Kaufmann;Chairman &  Chief Executive Officer;Male;Wholesalers;Wholesalers: Health Care;24;Dublin;OH;40.0992294;-83.1140771
15;Costco;16;129025;2679;36347;82687;182000;W. Craig Jelinek;President, Chief Executive Officer &  Director;Male;Retailing;General Merchandisers;24;Issaquah;WA;47.5301011;-122.0326191
16;Verizon;14;126034;30101;257143;197497;155400;Lowell C. McAdam;Chairman &  Chief Executive Officer;Male;Telecommunications;Telecommunications;24;New York;NY;40.7127753;-74.0059728
17;Kroger;18;122662;1907;37197;20828;449000;W. Rodney McMullen;Chairman &  Chief Executive Officer;Male;Food &  Drug Stores;Food and Drug Stores;24;Cincinnati;OH;39.1031182;-84.5120196
18;General Electric;13;122274;-5786;377945;117054;313000;John L. Flannery Jr.;Chairman &  Chief Executive Officer;Male;Industrials;Industrial Machinery;24;Boston;MA;;
19;Walgreens Boots Alliance;17;118214;4078;66009;64924;290000;Stefano Pessina;Vice Chairman &  Chief Executive Officer;Male;Food &  Drug Stores;Food and Drug Stores;24;Deerfield;IL;42.1711365;-87.8445119
20;JPMorgan Chase;21;113899;24441;2533600;375043;252539;James Dimon;Chairman &  Chief Executive Officer;Male;Financials;Commercial Banks;24;New York;NY;40.7127753;-74.0059728
21;Fannie Mae;20;112394;2463;3345529;1633;7200;Timothy J. Mayopoulos;President, Chief Executive Officer &  Director;Male;Financials;Diversified Financials;21;Leavenworth;WA;47.7510741;-120.7401385
22;Alphabet;27;110855;12662;197295;719124;80110;Larry Page;Chief Executive Officer &  Director;Male;Technology;Internet Services and Retailing;13;Mountain View;CA;37.3860517;-122.0838511
23;Home Depot;23;100904;8630;44529;206272;413000;Craig A. Menear;Chairman, President &  Chief Executive Officer;Male;Retailing;Specialty Retailers: Other;24;Atlanta;GA;33.7489954;-84.3879824
24;Bank of America Corp.;26;100264;18232;2281234;306618;209376;Brian T. Moynihan;Chairman, President &  Chief Executive Officer;Male;Financials;Commercial Banks;24;Charlotte;NC;35.2270869;-80.8431267
25;Express Scripts Holding;22;100065;4517.4;54256;38791;26600;Timothy C. Wentworth;President, Chief Executive Officer &  Director;Male;Health Care;Health Care: Pharmacy and Other Services;19;St. Louis;MO;38.6270025;-90.1994042
26;Wells Fargo;25;97741;22183;1951757;255556;262700;Timothy J. Sloan;President, Chief Executive Officer &  Director;Male;Financials;Commercial Banks;24;SF;CA;37.7749295;-122.4194155
27;Boeing;24;93392;8197;92333;192539;140800;Dennis A. Muilenburg;Chairman, President &  Chief Executive Officer;Male;Aerospace &  Defense;Aerospace and Defense;24;Chicago;IL;41.8781136;-87.6297982
28;Phillips 66;34;91568;5106;54371;44730;14600;Greg C. Garland;Chairman &  Chief Executive Officer;Male;Energy;Petroleum Refining;6;Houston;TX;29.7604267;-95.3698028
29;Anthem;29;90040;3842.8;70540;56182;56000;Gail K. Boudreaux;President, Chief Executive Officer &  Director;Female;Health Care;Health Care: Insurance and Managed Care;24;Indianapolis;IN;39.768403;-86.158068
30;Microsoft;28;89950;21204;241086;702760;124000;Satya Nadella;Chief Executive Officer &  Director;Male;Technology;Computer Software;24;Redmond;WA;47.6739881;-122.121512
31;Valero Energy;37;88407;4065;50158;39977;10015;Joseph W. Gorder;Chairman, President &  Chief Executive Officer;Male;Energy;Petroleum Refining;20;San Antonio;TX;29.4241219;-98.4936282
32;Citigroup;30;87966;-6798;1842465;172822;209000;Michael L. Corbat;Chairman &  Chief Executive Officer;Male;Financials;Commercial Banks;24;New York;NY;40.7127753;-74.0059728
33;Comcast;31;84526;22714;186949;158703;164000;Brian L. Roberts;Chairman, President &  Chief Executive Officer;Male;Telecommunications;Telecommunications;23;Philadelphia;PA;39.9525839;-75.1652215
34;IBM;32;79139;5753;125356;141335;397800;Virginia M. Rometty;Chairman, President &  Chief Executive Officer;Female;Technology;Information Technology Services;24;Armonk;NY;41.1264849;-73.7140195
35;Dell Technologies;41;78660;-3728;122281;NA;145000;Michael S. Dell;Chairman &  Chief Executive Officer;Male;Technology;Computers, Office Equipment;21;Round Rock;TX;30.5082551;-97.678896
36;State Farm Insurance Cos.;33;78331;2206.5;272345;NA;65664;Michael L. Tipsord;Chairman, President &  Chief Executive Officer;Male;Financials;Insurance: Property and Casualty (Mutual);24;Bloomington;IL;40.4842027;-88.9936873
37;Johnson & Johnson;35;76450;1300;157303;343780;134000;Alex Gorsky;Chairman &  Chief Executive Officer;Male;Health Care;Pharmaceuticals;24;New Brunswick;NJ;40.4862157;-74.4518188
38;Freddie Mac;39;74676;5625;2049776;878;6165;Donald H. Layton;Chairman &  Chief Executive Officer;Male;Financials;Diversified Financials;21;McLean;VA;38.9338676;-77.1772604
39;Target;38;71879;2934;38999;37409;345000;Brian C. Cornell;Chairman &  Chief Executive Officer;Male;Retailing;General Merchandisers;24;Minneapolis;MN;44.977753;-93.2650108
40;Lowes;40;68619;3447;35291;72812;255000;Robert A. Niblock;Chairman, President &  Chief Executive Officer;Male;Retailing;Specialty Retailers: Other;24;Mooresville;NC;35.5848596;-80.8100724
41;Marathon Petroleum;51;67610;3432;49047;34683;43800;Gary R. Heminger;Chairman &  Chief Executive Officer;Male;Energy;Petroleum Refining;7;Findlay;OH;41.04422;-83.6499321
42;Procter & Gamble;36;66217;15326;120406;199865;95000;David S. Taylor;Chairman, President &  Chief Executive Officer;Male;Household Products;Household and Personal Products;24;Cincinnati;OH;39.1031182;-84.5120196
43;MetLife;42;66153;4010;719892;47572;49000;Steven A. Kandarian;Chairman, President &  Chief Executive Officer;Male;Financials;Insurance: Life, Health (stock);24;New York;NY;40.7127753;-74.0059728
44;UPS;46;65872;4910;45403;90156;346415;David P. Abney;Chairman &  Chief Executive Officer;Male;Transportation;Mail, Package, and Freight Delivery;24;Atlanta;GA;33.7489954;-84.3879824
45;PepsiCo;44;63525;4857;79804;154933;263000;Indra K. Nooyi;Chairman &  Chief Executive Officer;Female;Food, Beverages &  Tobacco;Food Consumer Products;24;Harrison;NY;41.0400135;-73.7144477
46;Intel;47;62761;9601;123249;243109;102700;Robert H. Swan;Chairman &  Chief Executive Officer;Male;Technology;Semiconductors and Other Electronic Components;24;Santa Clara;CA;37.3541079;-121.9552356
47;DowDuPont;62;62683;1460;192164;148186;98000;Edward D. Breen;Chief Executive Officer;Male;Chemicals;Chemicals;24;Midland;MI;43.623574;-84.232105
48;Archer Daniels Midland;45;60828;1595;39963;24238;31300;Juan R. Luciano;Chairman, President &  Chief Executive Officer;Male;Food, Beverages &  Tobacco;Food Production;24;Chicago;IL;41.8781136;-87.6297982
49;Aetna;43;60535;1904;55151;55229;47950;Mark T. Bertolini;Chairman &  Chief Executive Officer;Male;Health Care;Health Care: Insurance and Managed Care;18;Hartford;CT;41.7658043;-72.6733723
50;FedEx;58;60319;2997;48552;64161;357000;Frederick W. Smith;Chairman &  Chief Executive Officer;Male;Transportation;Mail, Package, and Freight Delivery;24;Memphis;TN;35.1495343;-90.0489801
51;United Technologies;50;59837;4552;96920;100667;204700;Gregory J. Hayes;Chairman, President &  Chief Executive Officer;Male;Aerospace &  Defense;Aerospace and Defense;24;Farmington;CT;41.7360305;-72.795027
52;Prudential Financial;48;59689;7863;831921;43686;49705;John R. Strangfeld;Chairman, President &  Chief Executive Officer;Male;Financials;Insurance: Life, Health (stock);24;Newark;NJ;40.735657;-74.1723667
53;Albertsons Cos.;49;59678;-373.3;23755;NA;273000;Robert G. Miller;Chairman &  Chief Executive Officer;Male;Food &  Drug Stores;Food and Drug Stores;14;Boise;ID;43.6150186;-116.2023137
54;Sysco;57;55371;1142.5;17757;31294;66500;Thomas L. Bene;President, Chief Executive Officer &  Director;Male;Wholesalers;Wholesalers: Food and Grocery;24;Houston;TX;29.7604267;-95.3698028
55;Disney;52;55137;8980;95789;151029;199000;Robert A. Iger;Chairman &  Chief Executive Officer;Male;Media;;24;Burbank;CA;34.1808392;-118.3089661
56;Humana;53;53767;2448;27178;37122;45900;Bruce D. Broussard;President, Chief Executive Officer &  Director;Male;Health Care;Health Care: Insurance and Managed Care;24;Louisville;KY;38.2526647;-85.7584557
57;Pfizer;54;52546;21308;171797;211115;90200;Ian C. Read;Chairman &  Chief Executive Officer;Male;Health Care;Pharmaceuticals;24;New York;NY;40.7127753;-74.0059728
58;HP;61;52056;2526;32913;35893;49000;Dion J. Weisler;President, Chief Executive Officer &  Director;Male;Technology;;24;Palo Alto;CA;37.4418834;-122.1430195
59;Lockheed Martin;56;51048;2002;46521;96589;100000;Marillyn A. Hewson;Chairman, President &  Chief Executive Officer;Female;Aerospace &  Defense;Aerospace and Defense;24;Bethesda;MD;38.984652;-77.0947092
60;AIG;55;49520;-6084;498301;49145;49800;Brian Duperreault;President, Chief Executive Officer &  Director;Male;Financials;Insurance: Property and Casualty (Stock);24;New York;NY;40.7127753;-74.0059728
61;Centene;66;48572;828;21855;18704;33700;Michael F. Neidorff;Chairman &  Chief Executive Officer;Male;Health Care;Health Care: Insurance and Managed Care;9;St. Louis;MO;38.6270025;-90.1994042
62;Cisco Systems;60;48005;9609;129818;206623;72900;Charles H. Robbins;Chairman &  Chief Executive Officer;Male;Technology;Network and Other Communications Equipment;22;San Jose;CA;37.3382082;-121.8863286
63;HCA Healthcare;63;47653;2216;36593;34165;221491;R. Milton Johnson;Chairman &  Chief Executive Officer;Male;Health Care;Health Care: Medical Facilities;24;Nashville;TN;36.1626638;-86.7816016
64;Energy Transfer Equity;79;47487;954;86246;15335;29486;John W. McReynolds;President &  Director;Male;Energy;Pipelines;12;Dallas;TX;32.7766642;-96.7969879
65;Caterpillar;74;45462;754;76962;88078;98400;D. James Umpleby III;Chairman &  Chief Executive Officer;Male;Industrials;Construction and Farm Machinery;24;Deerfield;IL;42.1711365;-87.8445119
66;Nationwide;68;43940;246.5;221257;NA;33135;Stephen S. Rasmussen;Chief Executive Officer;Male;Financials;Insurance: Property and Casualty (Mutual);24;Columbus;OH;39.9611755;-82.9987942
67;Morgan Stanley;76;43642;6111;851733;96688;57633;James P. Gorman;Chairman &  Chief Executive Officer;Male;Financials;Commercial Banks;24;New York;NY;40.7127753;-74.0059728
68;Liberty Mutual Insurance Group;75;42687;17;142502;NA;50000;David H. Long;Chairman, President &  Chief Executive Officer;Male;Financials;Insurance: Property and Casualty (Stock);24;Boston;MA;42.3600825;-71.0588801
69;New York Life Insurance;65;42296;1866.9;303183;NA;11114;Theodore A. Mathas;Chairman &  Chief Executive Officer;Male;Financials;Insurance: Life, Health (Mutual);24;New York;NY;40.7127753;-74.0059728
70;Goldman Sachs Group;78;42254;4286;916776;95463;36600;Lloyd C. Blankfein;Chairman &  Chief Executive Officer;Male;Financials;Commercial Banks;19;New York;NY;40.7127753;-74.0059728
71;American Airlines Group;67;42207;1919;51396;24584;126600;W. Douglas Parker;Chairman &  Chief Executive Officer;Male;Transportation;Airlines;24;Fort Worth;TX;32.7554883;-97.3307658
72;Best Buy;72;42151;1000;13049;20460;125000;Hubert B. Joly;Chairman &  Chief Executive Officer;Male;Retailing;Specialty Retailers: Other;24;Richfield;MN;44.8832982;-93.2830021
73;Cigna;70;41616;2237;61753;40735;46000;David M. Cordani;President, Chief Executive Officer &  Director;Male;Health Care;Health Care: Insurance and Managed Care;24;Bloomfield;CT;41.826488;-72.7300945
74;Charter Communications;96;41581;9895;146623;80954;94800;Thomas M. Rutledge;Chairman &  Chief Executive Officer;Male;Telecommunications;Telecommunications;18;Stamford;CT;41.0534302;-73.5387341
75;Delta Air Lines;71;41244;3577;53292;38746;86564;Edward H. Bastian;Chairman &  Chief Executive Officer;Male;Transportation;Airlines;24;Atlanta;GA;33.7489954;-84.3879824
76;Facebook;98;40653;15934;84524;464190;25105;Mark Zuckerberg;Chairman &  Chief Executive Officer;Male;Technology;Internet Services and Retailing;6;Menlo Park;CA;37.4529598;-122.1817252
77;Honeywell International;73;40534;1655;59387;108149;131000;Darius Adamczyk;President, Chief Executive Officer &  Director;Male;Industrials;Electronics, Electrical Equip.;24;Morris Plains;NJ;40.8395922;-74.4818698
78;Merck;69;40122;2394;87872;146862;69000;Kenneth C. Frazier;Chairman, President &  Chief Executive Officer;Male;Health Care;Pharmaceuticals;24;Kenilworth;NJ;40.6764911;-74.2907032
79;Allstate;84;38524;3189;112422;33478;42680;Thomas J. Wilson;Chairman, President &  Chief Executive Officer;Male;Financials;Insurance: Property and Casualty (Stock);23;Northbrook;IL;42.1275267;-87.8289548
80;Tyson Foods;82;38260;1774;28066;29233;122000;Thomas P. Hayes;President, Chief Executive Officer &  Director;Male;Food, Beverages &  Tobacco;Food Production;24;Springdale;AR;36.1867442;-94.1288141
81;United Continental Holdings;83;37736;2131;42326;19778;89800;Oscar Munoz;Chairman &  Chief Executive Officer;Male;Transportation;Airlines;24;Chicago;IL;41.8781136;-87.6297982
82;Oracle;81;37728;9335;134991;186766;138000;Safra A. Catz/Mark V. Hurd;Co-Chief Executive Officer &  Director;Female;Technology;Computer Software;23;Redwood City;CA;37.4852152;-122.2363548
83;Tech Data;107;36775;116.6;12653;3249;14000;Richard T. Hume;Chairman &  Chief Executive Officer;Male;Wholesalers;Wholesalers: Electronics and Office Equipment;24;Clearwater;FL;27.9658533;-82.8001026
84;TIAA;80;36025;1049.7;583632;NA;16829;Roger W. Ferguson Jr.;President, Chief Executive Officer &  Director;Male;Financials;Insurance: Life, Health (Mutual);21;New York;NY;40.7127753;-74.0059728
85;TJX;87;35865;2607.9;14058;51571;249000;Ernie L. Herrman;President, Chief Executive Officer &  Director;Male;Retailing;Specialty Retailers: Apparel;24;Framingham;MA;42.279286;-71.4161565
86;American Express;86;35583;2736;181159;80234;55000;Stephen J. Squeri;Chairman &  Chief Executive Officer;Male;Financials;Diversified Financials;24;New York;NY;40.7127753;-74.0059728
87;Coca-Cola;64;35410;1248;87896;185207;61800;James R. Quincey;President, Chief Executive Officer &  Director;Male;Food, Beverages &  Tobacco;Beverages;24;Atlanta;GA;33.7489954;-84.3879824
88;Publix Super Markets;85;34837;2291.9;18184;NA;193000;Randall T. Jones Sr.;President, Chief Executive Officer &  Director;Male;Food &  Drug Stores;Food and Drug Stores;24;Lakeland;FL;28.0394654;-81.9498042
89;Nike;88;34350;4240;23259;108094;74400;Mark G. Parker;Chairman, President &  Chief Executive Officer;Male;Apparel;Apparel;24;Beaverton;OR;45.4887993;-122.8013332
90;Andeavor;117;34204;1528;28573;15386;14300;Gregory J. Goff;Chairman, President &  Chief Executive Officer;Male;Energy;Petroleum Refining;19;San Antonio;TX;29.4241219;-98.4936282
91;World Fuel Services;103;33696;-170.2;5588;1661;5000;Michael J. Kasbar;Chairman &  Chief Executive Officer;Male;Energy;Energy;14;Miami;FL;25.7616798;-80.1917902
92;Exelon;89;33531;3770;116700;37644;34621;Christopher M. Crane;President, Chief Executive Officer &  Director;Male;Energy;Utilities: Gas and Electric;24;Chicago;IL;41.8781136;-87.6297982
93;Massachusetts Mutual Life Insurance;77;33495;513;288855;NA;11811;Roger W. Crandall;Chairman, President &  Chief Executive Officer;Male;Financials;Insurance: Life, Health (Mutual);24;Springfield;MA;42.1014831;-72.589811
94;Rite Aid;91;32845;04. Jan;11594;1793;70430;John T. Standley;Chairman &  Chief Executive Officer;Male;Food &  Drug Stores;Food and Drug Stores;24;Camp Hill;PA;40.2398118;-76.9199742
95;ConocoPhillips;115;32584;-855;73362;69641;11400;Ryan M. Lance;Chairman &  Chief Executive Officer;Male;Energy;Mining, Crude-Oil Production;24;Houston;TX;;
96;CHS;93;31935;127.9;15974;NA;11626;Jay D. Debertin;President, Chief Executive Officer &  Director;Male;Food, Beverages &  Tobacco;;19;Inver Grove Heights;MN;44.8480218;-93.0427153
97;3M;94;31657;4858;37987;130550;91536;Inge G. Thulin;Chairman, President &  Chief Executive Officer;Male;Industrials;Miscellaneous;24;St Paul;MN;44.9537029;-93.0899578
98;Time Warner;95;31271;5247;69209;73758;26000;John Stankey;Chairman &  Chief Executive Officer;Male;Media;Entertainment;19;New York;NY;40.7127753;-74.0059728
99;General Dynamics;90;30973;2912;35046;65845;98600;Phebe N. Novakovic;Chairman &  Chief Executive Officer;Female;Aerospace &  Defense;Aerospace and Defense;24;Falls Church;VA;38.882334;-77.1710914
100;USAA;102;30016;2421.9;155391;NA;32705;Stuart Parker;Chief Executive Officer;Male;Financials;;24;San Antonio;TX;29.4241219;-98.4936282
101;Capital One Financial;100;29999;1982;365693;46584;49300;Richard D. Fairbank;Chairman, President &  Chief Executive Officer;Male;Financials;Commercial Banks;19;McLean;VA;38.9338676;-77.1772604
102;Deere;105;29738;2159.1;65786;50291;60476;Samuel R. Allen;Chairman, President &  Chief Executive Officer;Male;Industrials;Construction and Farm Machinery;24;Moline;IL;41.5067003;-90.5151342
103;INTL FCStone;189;29424;06. Apr;6243;804;1607;Sean M. O'Connor;President, Chief Executive Officer &  Director;Male;Financials;Diversified Financials;10;New York;NY;40.7127753;-74.0059728
104;Northwestern Mutual;97;29331;1017;265049;NA;5437;John E. Schlifske;Chairman &  Chief Executive Officer;Male;Financials;Insurance: Life, Health (Mutual);24;Milwaukee;WI;43.0389025;-87.9064736
105;Enterprise Products Partners;122;29242;2799.3;54418;52904;7000;A. James Teague;Chairman &  Chief Executive Officer;Male;Energy;Pipelines;13;Houston;TX;29.7604267;-95.3698028
106;Travelers Cos.;99;28902;2056;103483;37691;30800;Alan D. Schnitzer;Chairman &  Chief Executive Officer;Male;Financials;Insurance: Property and Casualty (Stock);24;New York;NY;40.7127753;-74.0059728
107;Hewlett Packard Enterprise;59;28871;344;61406;27243;66000;Antonio Neri;President, Chief Executive Officer &  Director;Male;Technology;Computers, Office Equipment;2;Palo Alto;CA;37.4418834;-122.1430195
108;Philip Morris International;104;28748;6035;42968;154514;80600;Andre Calantzopoulos;Chairman &  Chief Executive Officer;Male;Food, Beverages &  Tobacco;Tobacco;10;New York;NY;40.7127753;-74.0059728
109;Twenty-First Century Fox;101;28500;2952;50724;67969;21700;James R. Murdoch;Chief Executive Officer &  Director;Male;Media;Entertainment;14;New York;NY;40.7127753;-74.0059728
110;AbbVie;111;28216;5309;70786;150180;29000;Richard A. Gonzalez;Chairman &  Chief Executive Officer;Male;Health Care;Pharmaceuticals;5;North Chicago;IL;42.325578;-87.8411818
111;Abbott Laboratories;135;27390;477;76250;104640;99000;Miles D. White;Chairman &  Chief Executive Officer;Male;Health Care;Medical Products and Equipment;24;Lake Bluff;IL;42.304505;-87.8960712
112;Progressive;120;26839;1592.2;38701;35478;33656;Susan Patricia Griffith;President, Chief Executive Officer &  Director;Female;Financials;Insurance: Property and Casualty (Stock);24;Mayfield;OH;41.5519952;-81.4392828
113;Arrow Electronics;118;26813;402;16463;6750;18800;Michael J. Long;Chairman, President &  Chief Executive Officer;Male;Wholesalers;;24;Centennial;CO;39.5807452;-104.8771726
114;Kraft Heinz;106;26232;10999;120232;75920;39000;Bernardo Hees;Chief Executive Officer;Male;Food, Beverages &  Tobacco;;24;Pittsburgh;PA;40.4406248;-79.9958864
115;Plains GP Holdings;141;26223;-731;26753;6328;4850;Greg L. Armstrong;Chairman &  Chief Executive Officer;Male;Energy;Pipelines;5;Houston;TX;29.7604267;-95.3698028
116;Gilead Sciences;92;26107;4628;70283;98298;10000;John F. Milligan IV;President, Chief Executive Officer &  Director;Male;Health Care;Pharmaceuticals;10;San Mateo;CA;37.5585465;-122.2710788
117;Mondelez International;109;25896;2922;63109;62066;83000;Dirk Van de Put;Chairman &  Chief Executive Officer;Male;Food, Beverages &  Tobacco;Food Consumer Products;11;Deerfield;IL;42.1711365;-87.8445119
118;Northrop Grumman;114;25803;2015;34917;60778;70000;Wesley G. Bush;Chairman &  Chief Executive Officer;Male;Aerospace &  Defense;Aerospace and Defense;24;Falls Church;VA;38.882334;-77.1710914
119;Raytheon;116;25348;2024;30860;62265;64000;Thomas A. Kennedy;Chairman &  Chief Executive Officer;Male;Aerospace &  Defense;Aerospace and Defense;24;Waltham;MA;42.3764852;-71.2356113
120;Macys;110;24837;1547;19381;9065;130000;Jeffrey Gennette;Chairman &  Chief Executive Officer;Male;Retailing;General Merchandisers;24;Cincinnati;OH;39.1031182;-84.5120196
121;US Foods Holding;124;24147;444.3;9037;7065;25204;Pietro Satriano;Chairman, President &  Chief Executive Officer;Male;Wholesalers;Wholesalers: Food and Grocery;7;Rosemont;IL;41.9867507;-87.8721602
122;U.S. Bancorp;125;23996;6218;462040;83367;72402;Andrew J. Cecere;President, Chief Executive Officer &  Director;Male;Financials;Commercial Banks;20;Minneapolis;MN;44.977753;-93.2650108
123;Dollar General;128;23471;1539;12517;25141;129000;Todd J. Vasos;Chairman &  Chief Executive Officer;Male;Retailing;Specialty Retailers: Other;20;Goodlettsville;TN;36.3231066;-86.7133302
124;International Paper;133;23302;2144;33903;22063;56000;Mark S. Sutton;Chairman &  Chief Executive Officer;Male;Materials;Packaging, Containers;24;Memphis;TN;35.1495343;-90.0489801
125;Duke Energy;121;23189;3059;137914;54276;29060;Lynn J. Good;Chairman, President &  Chief Executive Officer;Female;Energy;Utilities: Gas and Electric;24;Charlotte;NC;35.2270869;-80.8431267
126;Southern;145;23031;842;111005;45024;31344;Thomas A. Fanning;Chairman, President &  Chief Executive Officer;Male;Energy;Utilities: Gas and Electric;24;Atlanta;GA;33.7489954;-84.3879824
127;Marriott International;163;22894;1372;23948;48531;177000;Arne M. Sorenson;President, Chief Executive Officer &  Director;Male;Hotels, Restaurants &  Leisure;Hotels, Casinos, Resorts;20;Bethesda;MD;38.984652;-77.0947092
128;Avnet;108;22872;525.3;9700;5009;15700;William J. Amelio;Chief Executive Officer &  Director;Male;Wholesalers;Wholesalers: Electronics and Office Equipment;24;Phoenix;AZ;33.4483771;-112.0740373
129;Eli Lilly;132;22871;-204.1;44981;84542;40655;David A. Ricks;Chairman, President &  Chief Executive Officer;Male;Health Care;Pharmaceuticals;24;Indianapolis;IN;39.768403;-86.158068
130;Amgen;123;22849;1979;79954;122842;20800;Robert A. Bradway;Chairman, President &  Chief Executive Officer;Male;Health Care;Pharmaceuticals;19;Thousand Oaks;CA;34.1705609;-118.8375937
131;McDonalds;112;22820;5192.3;33804;124244;235000;Stephen J. Easterbrook;President, Chief Executive Officer &  Director;Male;Hotels, Restaurants &  Leisure;Food Services;24;Oak Brook;IL;41.8397865;-87.9535534
132;Starbucks;131;22387;2884.7;14366;81370;277000;Keven R. Johnson;President, Chief Executive Officer &  Director;Male;Hotels, Restaurants &  Leisure;Food Services;16;Seattle;WA;47.6062095;-122.3320708
133;Qualcomm;119;22291;2466;65486;82027;33800;Steven M. Mollenkopf;Chairman &  Chief Executive Officer;Male;Technology;Semiconductors and Other Electronic Components;19;San Diego;CA;32.715738;-117.1610838
134;Dollar Tree;136;22246;1714.3;16333;22523;116200;Gary M. Philbin;President, Chief Executive Officer &  Director;Male;Retailing;Specialty Retailers: Other;10;Chesapeake;VA;36.7682088;-76.2874927
135;PBF Energy;172;21787;415.5;8118;3752;3165;Thomas J. Nimbley;Chairman &  Chief Executive Officer;Male;Energy;Petroleum Refining;6;Parsippany-Troy Hills;NJ;40.8652865;-74.4173877
136;Icahn Enterprises;168;21744;2430;31801;9901;89034;Keith Cozza;President, Chief Executive Officer &  Director;Male;Financials;Diversified Financials;10;New York;NY;40.7127753;-74.0059728
137;Aflac;126;21667;4604;137217;34038;11318;Daniel P. Amos;Chairman, President &  Chief Executive Officer;Male;Financials;Insurance: Life, Health (stock);24;Columbus;GA;32.4609764;-84.9877094
138;AutoNation;129;21535;434.6;10272;4296;26000;Michael J. Jackson;Chairman, President &  Chief Executive Officer;Male;Retailing;Automotive Retailing, Services;21;Fort Lauderdale;FL;26.1224386;-80.1373174
139;Penske Automotive Group;142;21389;613.3;10541;3817;26000;Roger S. Penske;Chairman &  Chief Executive Officer;Male;Retailing;Automotive Retailing, Services;20;Bloomfield Hills;MI;42.583645;-83.2454883
140;Whirlpool;137;21253;350;20038;10824;92000;Marc R. Bitzer;President, Chief Executive Officer &  Director;Male;Industrials;Electronics, Electrical Equip.;24;Benton Harbor;MI;42.1167065;-86.4541894
141;Union Pacific;143;21240;10712;57806;104261;41992;Lance M. Fritz;Chairman, President &  Chief Executive Officer;Male;Transportation;Railroads;24;Omaha;NE;41.2565369;-95.9345034
142;Southwest Airlines;138;21171;3488;25110;33678;56110;Gary C. Kelly;Chairman &  Chief Executive Officer;Male;Transportation;Airlines;24;Dallas;TX;32.7766642;-96.7969879
143;ManpowerGroup;146;21034;545.4;8884;7614;29000;Jonas Prising;Chairman &  Chief Executive Officer;Male;Business Services;Temporary Help;24;Milwaukee;WI;43.0389025;-87.9064736
144;Thermo Fisher Scientific;154;20918;2225;56669;82952;66100;Marc N. Casper;President, Chief Executive Officer &  Director;Male;Technology;Scientific,Photographic and  Control Equipment;16;Waltham;MA;42.3764852;-71.2356113
145;Bristol-Myers Squibb;147;20776;1007;33551;103415;23700;Giovanni Caforio;Chairman &  Chief Executive Officer;Male;Health Care;Pharmaceuticals;24;New York;NY;40.7127753;-74.0059728
146;Halliburton;173;20620;-463;25085;41068;55000;Jeffrey A. Miller;President, Chief Executive Officer &  Director;Male;Energy;Oil and Gas Equipment, Services;24;Houston;TX;29.7604267;-95.3698028
147;Tenet Healthcare;134;20613;-704;23385;2452;111980;Ronald A. Rittenmeyer;Chairman &  Chief Executive Officer;Male;Health Care;Health Care: Medical Facilities;24;Dallas;TX;32.7766642;-96.7969879
148;Lear;151;20467;1313.4;11946;12453;165000;Raymond E. Scott;President, Chief Executive Officer &  Director;Male;Motor Vehicles &  Parts;Motor Vehicles and Parts;24;Southfield;MI;42.4733688;-83.2218731
149;Cummins;159;20428;999;18075;26757;58600;N. Thomas Linebarger;Chairman &  Chief Executive Officer;Male;Industrials;Industrial Machinery;24;Columbus;IN;39.2014404;-85.9213796
150;Micron Technology;226;20322;5089;35336;60470;34100;Sanjay Mehrotra;President, Chief Executive Officer &  Director;Male;Technology;Semiconductors and Other Electronic Components;21;Boise;ID;43.6150186;-116.2023137
151;Nucor;169;20252;1318.7;15841;19432;25100;John J. Ferriola;Chairman, President &  Chief Executive Officer;Male;Materials;Metals;24;Charlotte;NC;35.2270869;-80.8431267
152;Molina Healthcare;156;19883;-512;8471;4867;20000;Joseph M. Zubretsky;President, Chief Executive Officer &  Director;Male;Health Care;Health Care: Insurance and Managed Care;7;Long Beach;CA;33.7700504;-118.1937395
153;Fluor;149;19521;191.4;9328;8006;56706;David T. Seaton;Chairman &  Chief Executive Officer;Male;Engineering &  Construction;Engineering, Construction;17;Irving;TX;32.8140177;-96.9488945
154;Altria Group;148;19494;10222;43202;118436;8300;Howard A. Willard III;Chairman &  Chief Executive Officer;Male;Food, Beverages &  Tobacco;Tobacco;24;Richmond;VA;37.5407246;-77.4360481
155;Paccar;164;19456;1675.2;23440;23298;25000;Ronald E. Armstrong;Chairman &  Chief Executive Officer;Male;Industrials;Construction and Farm Machinery;24;Bellevue;WA;47.6101497;-122.2015159
156;Hartford Financial Services;153;19228;-3131;225260;18392;16400;Christopher J. Swift;Chairman &  Chief Executive Officer;Male;Financials;Insurance: Property and Casualty (Stock);23;Hartford;CT;41.7658043;-72.6733723
157;Kohls;150;19095;859;13340;11021;85000;Michelle D. Gass;Chairman &  Chief Executive Officer;Female;Retailing;General Merchandisers;21;Menomonee Falls;WI;43.1788967;-88.1173132
158;Western Digital;217;19093;397;29860;27456;67629;Stephen D. Milligan;Chairman &  Chief Executive Officer;Male;Technology;Computers, Office Equipment;15;San Jose;CA;37.3382082;-121.8863286
159;Jabil;152;19063.1;129.1;11096;5035;170000;Mark T. Mondello;Chairman &  Chief Executive Officer;Male;Technology;Semiconductors and Other Electronic Components;17;St. Petersburg;FL;27.7676008;-82.6402915
160;Community Health Systems;130;18477;-2459;17450;454;86000;Wayne T. Smith;Chairman &  Chief Executive Officer;Male;Health Care;Health Care: Medical Facilities;12;Franklin;TN;35.9250637;-86.8688899
161;Visa;187;18358;6699;67977;270222;15000;Alfred F. Kelly Jr.;Chairman &  Chief Executive Officer;Male;Business Services;Financial Data Services;10;SF;CA;37.7749295;-122.4194155
162;Danaher;144;18330;2492.1;46649;68385;67000;Thomas P. Joyce Jr.;President, Chief Executive Officer &  Director;Male;Health Care;Medical Products and Equipment;20;Leavenworth;WA;47.7510741;-120.7401385
163;Kimberly-Clark;155;18259;2278;15151;38553;42000;Thomas J. Falk;Chairman &  Chief Executive Officer;Male;Household Products;Household and Personal Products;24;Irving;TX;32.8140177;-96.9488945
164;AECOM;161;18203;339.4;14397;5671;87000;Michael S. Burke;Chairman &  Chief Executive Officer;Male;Engineering &  Construction;Engineering, Construction;10;Los Angeles;CA;34.0522342;-118.2436849
165;PNC Financial Services;166;18035;5338;380768;71323;51632;William S. Demchak;Chairman, President &  Chief Executive Officer;Male;Financials;Commercial Banks;24;Pittsburgh;PA;40.4406248;-79.9958864
166;CenturyLink;160;17656;1389;75611;17578;51000;Jeffrey K. Storey;President, Chief Executive Officer &  Director;Male;Telecommunications;Telecommunications;9;Monroe;LA;32.5093109;-92.1193012
167;NextEra Energy;170;17195;5378;97827;76895;14000;James L. Robo;Chairman, President &  Chief Executive Officer;Male;Energy;Utilities: Gas and Electric;24;North Palm Beach;FL;26.8797819;-80.0533743
168;PG& E Corp.;157;17135;1646;68012;22664;23000;Geisha J. Williams;President, Chief Executive Officer &  Director;Female;Energy;Utilities: Gas and Electric;24;SF;CA;37.7749295;-122.4194155
169;Synnex;198;17046;301.2;7699;4702;113600;Dennis Polk;President, Chief Executive Officer &  Director;Male;Wholesalers;Wholesalers: Electronics and Office Equipment;12;Fremont;CA;37.5482697;-121.9885719
170;WellCare Health Plans;195;17007;373.7;8365;8622;8900;Kenneth A. Burdick;Chairman &  Chief Executive Officer;Male;Health Care;Health Care: Insurance and Managed Care;10;Tampa;FL;27.950575;-82.4571776
171;Performance Food Group;171;16762;96.3;3804;3104;14000;George L. Holm;President, Chief Executive Officer &  Director;Male;Wholesalers;Wholesalers: Food and Grocery;10;Richmond;VA;37.5407246;-77.4360481
172;Sears Holdings;127;16702;-383;7262;288;89000;Edward S. Lampert;Chairman &  Chief Executive Officer;Male;Retailing;General Merchandisers;24;Hoffman Estates;IL;42.0629915;-88.1227199
173;Synchrony Financial;185;16695;1935;95808;25490;16000;Margaret M. Keane;President, Chief Executive Officer &  Director;Female;Financials;Diversified Financials;2;Stamford;CT;41.0534302;-73.5387341
174;CarMax;174;16637;627;16279;11202;24344;William D. Nash;President, Chief Executive Officer &  Director;Male;Retailing;Automotive Retailing, Services;15;Richmond;VA;37.5407246;-77.4360481
175;Bank of New York Mellon;177;16621;4090;371758;51919;52500;Charles W. Scharf;Chairman &  Chief Executive Officer;Male;Financials;Commercial Banks;24;New York City;NY;40.7127753;-74.0059728
176;Freeport-McMoRan;175;16416;1817;37302;25439;25200;Richard C. Adkerson;Vice Chairman, President &  Chief Executive Officer;Male;Energy;Mining, Crude-Oil Production;13;Phoenix;AZ;33.4483771;-112.0740373
177;Genuine Parts;180;16309;616.8;12412;13183;48000;Paul D. Donahue;President, Chief Executive Officer &  Director;Male;Wholesalers;Wholesalers: Diversified;24;Atlanta;GA;33.7489954;-84.3879824
178;Emerson Electric;139;16301;1518;19589;43359;76500;David N. Farr;Chairman &  Chief Executive Officer;Male;Industrials;Industrial Machinery;24;St. Louis;MO;38.6270025;-90.1994042
179;DaVita;181;16038;663.6;18948;12001;74500;Kent J. Thiry;Chairman &  Chief Executive Officer;Male;Health Care;Health Care: Medical Facilities;12;Denver;CO;39.7392358;-104.990251
180;Supervalu;158;16009;650;3580;585;29000;Mark Gross;President, Chief Executive Officer &  Director;Male;Food &  Drug Stores;Food and Drug Stores;24;Eden Prairie;MN;44.8546856;-93.470786
181;Gap;178;15855;848;7989;12147;135000;Arthur L. Peck;President, Chief Executive Officer &  Director;Male;Retailing;Specialty Retailers: Apparel;24;SF;CA;37.7749295;-122.4194155
182;General Mills;165;15620;1657.5;21813;26716;38000;Jeffrey L. Harmening;Chairman &  Chief Executive Officer;Male;Food, Beverages &  Tobacco;Food Consumer Products;24;Minneapolis;MN;44.977753;-93.2650108
183;Nordstrom;188;15478;437;8115;8123;76000;Blake W. Nordstrom;Co-President &  Director;Male;Retailing;General Merchandisers;24;Seattle;WA;47.6062095;-122.3320708
184;Colgate-Palmolive;182;15454;2024;12676;62607;35900;Ian M. Cook;Chairman, President &  Chief Executive Officer;Male;Household Products;Household and Personal Products;24;New York;NY;40.7127753;-74.0059728
185;American Electric Power;167;15425;1912.6;64729;33766;17666;Nicholas K. Akins;Chairman, President &  Chief Executive Officer;Male;Energy;Utilities: Gas and Electric;24;Columbus;OH;39.9611755;-82.9987942
186;XPO Logistics;191;15381;340.2;12602;12210;95000;Bradley S. Jacobs;Chairman &  Chief Executive Officer;Male;Transportation;Transportation and Logistics;3;Greenwich;CT;41.0262417;-73.6281964
187;Goodyear Tire & Rubber;184;15377;346;17064;6392;64000;Richard J. Kramer;Chairman, President &  Chief Executive Officer;Male;Motor Vehicles &  Parts;Motor Vehicles and Parts;24;Akron;OH;41.0814447;-81.5190053
188;Omnicom Group;179;15274;1088.4;24931;16734;77300;John D. Wren;President, Chief Executive Officer &  Director;Male;Business Services;Advertising, marketing;22;New York;NY;40.7127753;-74.0059728
189;CDW;199;15192;523;6957;10717;8726;Thomas E. Richards;Chairman, President &  Chief Executive Officer;Male;Technology;Information Technology Services;14;Lincolnshire;IL;42.1900249;-87.9084039
190;Sherwin-Williams;236;14984;1772.3;19958;36899;52695;John G. Morikis;Chairman, President &  Chief Executive Officer;Male;Chemicals;Chemicals;24;Cleveland;OH;41.49932;-81.6943605
191;PPG Industries;183;14967;1591;16538;27824;47200;Michael H. McGarry;Chairman &  Chief Executive Officer;Male;Chemicals;Chemicals;24;Pittsburgh;PA;40.4406248;-79.9958864
192;Texas Instruments;206;14961;3682;17642;102135;29714;Brian T. Crutcher;Chairman, President &  Chief Executive Officer;Male;;Semiconductors and Other Electronic Components;24;Dallas;TX;32.7766642;-96.7969879
193;C.H. Robinson Worldwide;212;14869;504.9;4236;13153;15074;John P. Wiehoff;Chairman, President &  Chief Executive Officer;Male;Transportation;Transportation and Logistics;17;Eden Prairie;MN;44.8546856;-93.470786
194;WestRock;190;14860;708.2;25089;16372;44800;Steven C. Voorhees;President, Chief Executive Officer &  Director;Male;Materials;Packaging, Containers;7;Atlanta;GA;33.7489954;-84.3879824
195;Cognizant Technology Solutions;205;14810;1504;15221;47338;260000;Francisco D'Souza;Chairman &  Chief Executive Officer;Male;Technology;Information Technology Services;8;Teaneck;NJ;40.8932469;-74.0116536
196;Newell Brands;208;14742;2748.8;33136;12363;49000;Michael B. Polk;Chairman &  Chief Executive Officer;Male;Household Products;Home Equipment, Furnishings;23;Hoboken;NJ;40.7439905;-74.0323626
197;CBS;193;14710;357;20843;19668;14715;Leslie Moonves;Chairman, President &  Chief Executive Officer;Male;Media;Entertainment;24;New York;NY;40.7127753;-74.0059728
198;Envision Healthcare;538;14701;-228;16573;4647;57750;Christopher A. Holden;;Male;Health Care;Health Care: Pharmacy and Other Services;1;Nashville;TN;36.1626638;-86.7816016
199;Monsanto;204;14640;2260;21333;51444;21900;Hugh Grant;Chairman &  Chief Executive Officer;Male;Chemicals;Chemicals;15;St. Louis;MO;38.6270025;-90.1994042
200;Aramark;192;14604;373.9;11006;9725;215000;Eric J. Foss;Chairman, President &  Chief Executive Officer;Male;Business Services;Diversified Outsourcing Services;24;Philadelphia;PA;39.9525839;-75.1652215
201;Applied Materials;265;14537;3434;19419;58429;18400;Gary E. Dickerson;President, Chief Executive Officer &  Director;Male;Technology;Semiconductors and Other Electronic Components;23;Santa Clara;CA;37.3541079;-121.9552356
202;Waste Management;201;14485;1949;21829;36372;42300;James C. Fish Jr.;President, Chief Executive Officer &  Director;Male;Business Services;Waste Management;20;Houston;TX;29.7604267;-95.3698028
203;DISH Network;186;14391;2098.7;29774;17682;17000;W. Erik Carlson;President, Chief Executive Officer &  Director;Male;Telecommunications;Telecommunications;17;Englewood;CO;39.6477653;-104.9877597
204;Illinois Tool Works;202;14314;1687;16780;53142;50000;E. Scott Santi;Chairman, President &  Chief Executive Officer;Male;Industrials;Industrial Machinery;24;Glenview;IL;42.0697509;-87.7878408
205;Lincoln National;207;14257;2079;281763;15946;9047;Dennis R. Glass;President, Chief Executive Officer &  Director;Male;Financials;Insurance: Life, Health (stock);24;Wayne;PA;40.0462208;-75.3599105
206;HollyFrontier;274;14251;805.4;10692;8650;3522;George J. Damiris;President, Chief Executive Officer &  Director;Male;Energy;Petroleum Refining;11;Dallas;TX;32.7766642;-96.7969879
207;CBRE Group;214;14210;691.5;11484;16042;80000;Robert E. Sulentic;President, Chief Executive Officer &  Director;Male;Financials;Real estate;11;Los Angeles;CA;34.0522342;-118.2436849
208;Textron;200;14198;307;15340;15293;37000;Scott C. Donnelly;Chairman, President &  Chief Executive Officer;Male;Aerospace &  Defense;Aerospace and Defense;24;Providence;RI;41.8239891;-71.4128343
209;Ross Stores;219;14135;1362.8;5722;29800;82700;Barbara Rentler;Chairman &  Chief Executive Officer;Female;Retailing;Specialty Retailers: Apparel;16;Dublin;CA;37.7021521;-121.9357918
210;Principal Financial;227;14093;2310.4;253941;17643;15378;Daniel J. Houston;Chairman, President &  Chief Executive Officer;Male;Financials;Insurance: Life, Health (stock);24;Des Moines;IA;41.6005448;-93.6091064
211;D.R. Horton;232;14091;1038.4;12185;16480;7735;David V. Auld;President, Chief Executive Officer &  Director;Male;Engineering &  Construction;Homebuilders;16;Arlington;TX;32.735687;-97.1080656
212;Marsh & McLennan;210;14024;1492;20429;41924;64000;Daniel S. Glaser;President, Chief Executive Officer &  Director;Male;Financials;Diversified Financials;24;New York;NY;;
213;Devon Energy;231;13949;898;30241;16725;3414;David A. Hager;President, Chief Executive Officer &  Director;Male;Energy;Mining, Crude-Oil Production;17;Oklahoma City;OK;35.4675602;-97.5164276
214;AES;194;13850;-1161;33112;7510;10500;Andres R. Gluski;President, Chief Executive Officer &  Director;Male;Energy;Utilities: Gas and Electric;18;Arlington;VA;38.8816208;-77.0909809
215;Ecolab;211;13838;1508.4;19962;39524;48400;Douglas M. Baker Jr.;Chairman &  Chief Executive Officer;Male;Chemicals;Chemicals;16;St Paul;MN;44.9537029;-93.0899578
216;Land O'Lakes;209;13740;314.2;9509;NA;10000;Christopher J. Policinski;President, Chief Executive Officer &  Director;Male;Food, Beverages &  Tobacco;Food Consumer Products;16;Arden Hills;MN;45.0502435;-93.1566112
217;Loews;213;13735;1164;79586;16134;18100;James S. Tisch;President, Chief Executive Officer &  Director;Male;Financials;Insurance: Property and Casualty (Stock);24;New York;NY;40.7127753;-74.0059728
218;Kinder Morgan;215;13705;183;79055;33223;10897;Steven J. Kean;President, Chief Executive Officer &  Director;Male;Energy;Pipelines;15;Houston;TX;29.7604267;-95.3698028
219;FirstEnergy;196;13627;-1724;42257;16175;15617;Charles E. Jones;President, Chief Executive Officer &  Director;Male;Energy;Utilities: Gas and Electric;23;Akron;OH;41.0814447;-81.5190053
220;Occidental Petroleum;278;13274;1311;42026;49738;11000;Vicki A. Hollub;President, Chief Executive Officer &  Director;Female;Energy;Mining, Crude-Oil Production;24;Houston;TX;29.7604267;-95.3698028
221;Viacom;224;13263;1874;23698;12919;11200;Robert M. Bakish;President, Chief Executive Officer &  Director;Male;Media;Entertainment;13;New York;NY;40.7127753;-74.0059728
222;PayPal Holdings;264;13094;1795;40774;91056;18700;Daniel H. Schulman;President, Chief Executive Officer &  Director;Male;Business Services;Financial Data Services;3;San Jose;CA;37.3382082;-121.8863286
223;NGL Energy Partners;237;13022;137;6320;1332;2700;H. Michael Krimbill;Chief Executive Officer &  Director;Male;Energy;Energy;4;Tulsa;OK;36.1539816;-95.992775
224;Celgene;254;13003;2940;30141;67102;7467;Mark J. Alles;Chairman &  Chief Executive Officer;Male;Health Care;Pharmaceuticals;7;Summit;NJ;40.7146376;-74.3646122
225;Arconic;228;12960;-74;18718;11124;41500;Charles P. Blankenship;Chairman &  Chief Executive Officer;Male;Aerospace &  Defense;Aerospace and Defense;24;New York;NY;40.7127753;-74.0059728
226;Kellogg;216;12923;1269;16350;22532;32944;Steven A. Cahillane;Chairman, President &  Chief Executive Officer;Male;Food, Beverages &  Tobacco;Food Consumer Products;24;Battle Creek;MI;42.3211522;-85.1797142
227;Las Vegas Sands;249;12882;2806;20687;56721;50500;Sheldon G. Adelson;Chairman &  Chief Executive Officer;Male;Hotels, Restaurants &  Leisure;Hotels, Casinos, Resorts;9;Las Vegas;NV;36.1699412;-115.1398296
228;Stanley Black & Decker;250;12747;1226;19080;23610;57765;James M. Loree;President, Chief Executive Officer &  Director;Male;Household Products;Home Equipment, Furnishings;11;New Britain;CT;41.6612104;-72.7795419
229;Booking Holdings;268;12681;2340.8;25451;100459;22900;Glenn D. Fogel;President, Chief Executive Officer &  Director;Male;Technology;Internet Services and Retailing;6;Norwalk;CT;41.117744;-73.4081575
230;Lennar;260;12646;810.5;18745;18738;9111;Richard Beckwitt;Chief Executive Officer &  Director;Male;Engineering &  Construction;Homebuilders;14;Miami;FL;25.7616798;-80.1917902
231;L Brands;220;12632;983;8149;10655;59200;Leslie H. Wexner;Chairman, President &  Chief Executive Officer;Male;Retailing;Specialty Retailers: Apparel;24;Columbus;OH;39.9611755;-82.9987942
232;DTE Energy;272;12607;1134;33767;18760;10200;Gerard M. Anderson;Chairman &  Chief Executive Officer;Male;Energy;Utilities: Gas and Electric;24;Detroit;MI;42.331427;-83.0457538
233;Dominion Energy;238;12586;2999;76585;45344;16200;Thomas F. Farrell II;Chairman, President &  Chief Executive Officer;Male;Energy;Utilities: Gas and Electric;24;Richmond;VA;37.5407246;-77.4360481
234;Reinsurance Group of America;246;12516;1822.2;60515;9930;2640;Anna Manning;President, Chief Executive Officer &  Director;Female;Financials;Insurance: Life, Health (stock);9;Chesterfield;MO;38.6631083;-90.5770675
235;J.C. Penney;221;12506;-116;8413;943;98000;Jeffrey A. Davis/Joseph M. McFarland/Therace M. Risch;Chairman &  Chief Executive Officer;Male;Retailing;General Merchandisers;24;Plano;TX;33.0198431;-96.6988856
236;Mastercard;267;12497;3915;21329;184161;13400;Ajay Banga;President, Chief Executive Officer &  Director;Male;Business Services;Financial Data Services;10;Harrison;NY;41.0400135;-73.7144477
237;BlackRock;255;12491;4970;220217;87065;13900;;Chairman &  Chief Executive Officer;Male;Financials;Securities;11;New York;NY;40.7127753;-74.0059728
238;Henry Schein;243;12462;406.3;7811;10330;22000;;Chairman &  Chief Executive Officer;Male;Wholesalers;Wholesalers: Health Care;15;Melville;NY;40.7934322;-73.4151214
239;Guardian Life Ins. Co. of America;218;12455;455.3;75038;NA;9283;Deanna M. Mulligan;President, Chief Executive Officer &  Director;Female;;Insurance: Life, Health (Mutual);24;New York;NY;40.7127753;-74.0059728
240;Stryker;252;12444;1020;22197;60041;33000;Kevin A. Lobo;Chairman &  Chief Executive Officer;Male;Health Care;Medical Products and Equipment;16;Kalamazoo;MI;42.2917069;-85.5872286
241;Jefferies Financial Group;262;12408;171.7;47169;8098;12700;Richard B. Handler;Chairman &  Chief Executive Officer;Male;Financials;Diversified Financials;6;New York;NY;40.7127753;-74.0059728
242;VF;230;12400;614.9;9959;29403;69000;Steven E. Rendle;Chairman, President &  Chief Executive Officer;Male;Apparel;Apparel;24;Greensboro;NC;36.0726354;-79.7919754
243;ADP;240;12380;1733.4;37180;50302;58000;Carlos A. Rodriguez;President, Chief Executive Officer &  Director;Male;Business Services;Diversified Outsourcing Services;24;Roseland;NJ;40.8206555;-74.2937594
244;Edison International;235;12320;565;52580;20741;12521;Pedro J. Pizarro;President, Chief Executive Officer &  Director;Male;Energy;Utilities: Gas and Electric;24;Rosemead;CA;34.0805651;-118.072846
245;Biogen;248;12274;2539.1;23653;57930;7300;Michel Vounatsos;Chairman &  Chief Executive Officer;Male;Health Care;Pharmaceuticals;9;Cambridge;MA;42.3736158;-71.1097335
246;United States Steel;279;12250;387;9862;6200;29200;David B. Burritt;President, Chief Executive Officer &  Director;Male;Materials;Metals;16;Pittsburgh;PA;40.4406248;-79.9958864
247;Core-Mark Holding;247;12225;33.5;1783;981;8413;Thomas B. Perkins;Chairman &  Chief Executive Officer;Male;Wholesalers;Wholesalers: Food and Grocery;9;South San Francisco;CA;37.654656;-122.4077498
248;Bed Bath & Beyond;233;12216;685.1;6846;2989;65000;Steven H. Temares;Chief Executive Officer &  Director;Male;Retailing;Specialty Retailers: Other;15;Union;NJ;40.6975898;-74.2631635
249;Oneok;312;12174;387.8;16846;23373;2470;Terry K. Spencer;President, Chief Executive Officer &  Director;Male;Energy;Pipelines;16;Tulsa;OK;36.1539816;-95.992775
250;BB& T Corp.;245;12156;2394;221642;40454;36484;Kelly S. King;Chairman &  Chief Executive Officer;Male;Financials;Commercial Banks;20;Winston-Salem;NC;36.0998596;-80.244216
251;Becton Dickinson;225;12093;1100;37734;57695;41933;Vincent A. Forlenza;Chairman &  Chief Executive Officer;Male;Health Care;Medical Products and Equipment;24;Franklin Lakes;NJ;41.0167639;-74.2057011
252;Ameriprise Financial;239;12075;1480;147470;21613;13312;James M. Cracchiolo;Chairman &  Chief Executive Officer;Male;Financials;Diversified Financials;12;Minneapolis;MN;44.977753;-93.2650108
253;Farmers Insurance Exchange;222;12072;-65.4;16165;NA;13015;Jeffrey J. Dailey;President, Chief Executive Officer &  Director;Male;Financials;Insurance: Property and Casualty (Mutual);4;Los Angeles;CA;34.165357;-118.6089752
254;First Data;242;12052;1465;48269;14865;22000;Frank J. Bisignano;Chairman &  Chief Executive Officer;Male;Business Services;Financial Data Services;24;New York;NY;40.7127753;-74.0059728
255;Consolidated Edison;234;12033;1525;48111;24192;15591;John McAvoy;Chairman, President &  Chief Executive Officer;Male;Energy;Utilities: Gas and Electric;24;New York;NY;40.7127753;-74.0059728
256;Parker-Hannifin;251;12029;983.4;15490;22755;56690;Thomas L. Williams;Chairman &  Chief Executive Officer;Male;Industrials;Industrial Machinery;24;Cleveland;OH;41.49932;-81.6943605
257;Anadarko Petroleum;344;11908;-456;42086;31131;4400;Al Walker;Chairman, President &  Chief Executive Officer;Male;Energy;Mining, Crude-Oil Production;18;The Woodlands;TX;30.1658207;-95.4612625
258;Estee Lauder;253;11824;1249;11568;55064;46000;Fabrizio Freda;President, Chief Executive Officer &  Director;Male;Household Products;Household and Personal Products;23;New York;NY;40.7127753;-74.0059728
259;State Street Corp.;271;11774;2177;238425;36688;36643;Joseph L. Hooley;Chairman &  Chief Executive Officer;Male;Financials;Commercial Banks;23;Boston;MA;42.3600825;-71.0588801
260;Tesla;383;11759;-1961.4;28655;44955;37543;Elon Musk;Chairman &  Chief Executive Officer;Male;Motor Vehicles &  Parts;Motor Vehicles and Parts;2;Palo Alto;CA;37.4418834;-122.1430195
261;Netflix;314;11693;558.9;19013;128167;5100;Reed Hastings;Chairman, President &  Chief Executive Officer;Male;Technology;Internet Services and Retailing;4;Los Gatos;CA;37.2358078;-121.9623751
262;Alcoa;300;11652;217;17447;8372;14600;Roy C. Harvey;President, Chief Executive Officer &  Director;Male;Materials;Metals;2;Pittsburgh;PA;40.4406248;-79.9958864
263;Discover Financial Services;277;11545;2099;100087;25431;16500;David W. Nelms;Chairman &  Chief Executive Officer;Male;Financials;Commercial Banks;10;Riverwoods;IL;42.1675254;-87.897014
264;Praxair;275;11437;1247;20436;41434;26461;Stephen F. Angel;Chairman &  Chief Executive Officer;Male;Chemicals;Chemicals;24;Danbury;CT;41.394817;-73.4540111
265;CSX;257;11408;5471;35739;49428;24006;James M. Foote;President, Chief Executive Officer &  Director;Male;Transportation;Railroads;24;Jacksonville;FL;30.3321838;-81.655651
266;Xcel Energy;256;11404;1148;43030;23107;11105;Benjamin G.S. Fowke III;Chairman, President &  Chief Executive Officer;Male;Energy;Utilities: Gas and Electric;22;Minneapolis;MN;44.977753;-93.2650108
267;Unum Group;258;11287;994.2;64013;10530;9400;Richard P. McKenney;President, Chief Executive Officer &  Director;Male;Financials;Insurance: Life, Health (stock);23;Chattanooga;TN;35.0456297;-85.3096801
268;Universal Health Services;276;11279;752.3;10762;11163;72300;Alan B. Miller;Chairman &  Chief Executive Officer;Male;Health Care;Health Care: Medical Facilities;15;King of Prussia;PA;40.1012856;-75.3835525
269;NRG Energy;229;11275;-2153;23318;9698;5940;Mauricio Gutierrez;President, Chief Executive Officer &  Director;Male;Energy;Energy;12;Princeton;NJ;40.3572976;-74.6672226
270;EOG Resources;356;11208;2582.6;29833;60913;2664;William R. Thomas;Chairman &  Chief Executive Officer;Male;Energy;Mining, Crude-Oil Production;10;Houston;TX;29.7604267;-95.3698028
271;Sempra Energy;280;11207;256;50454;29351;16046;J. Walker Martin;Chairman &  Chief Executive Officer;Male;Energy;Utilities: Gas and Electric;20;San Diego;CA;32.715738;-117.1610838
272;Toys 'R'<9d> Us;244;11146;-612;7262;NA;65000;David A. Brandon;Chairman &  Chief Executive Officer;Male;Retailing;Specialty Retailers: Other;24;Wayne;NJ;40.9253725;-74.2765441
273;Group 1 Automotive;261;11124;213.4;4871;1366;14108;Earl J. Hesterberg;President, Chief Executive Officer &  Director;Male;Retailing;Automotive Retailing, Services;18;Houston;TX;29.7604267;-95.3698028
274;Entergy;263;11075;411.6;46707;14298;13504;Leo P. Denault;Chairman &  Chief Executive Officer;Male;Energy;Utilities: Gas and Electric;24;New Orleans;LA;29.9510658;-90.0715323
275;Molson Coors Brewing;522;11003;1414.2;30247;16238;17200;Mark R. Hunter;President, Chief Executive Officer &  Director;Male;Food, Beverages &  Tobacco;Beverages;8;Denver;CO;39.7392358;-104.990251
276;L3 Technologies;273;11002;677;12729;16283;38000;Christopher E. Kubasik;President, Chief Executive Officer &  Director;Male;Aerospace &  Defense;Aerospace and Defense;16;New York;NY;40.7127753;-74.0059728
277;Ball;306;10983;374;17169;13920;18300;John A. Hayes;Chairman, President &  Chief Executive Officer;Male;Materials;Packaging, Containers;22;Broomfield;CO;39.9205411;-105.0866504
278;AutoZone;270;10889;1280.9;9260;17450;70035;William C. Rhodes III;Chairman, President &  Chief Executive Officer;Male;Retailing;Specialty Retailers: Other;20;Memphis;TN;35.1495343;-90.0489801
279;Murphy USA;291;10853;245.3;2331;2440;6900;R. Andrew Clyde;President, Chief Executive Officer &  Director;Male;Retailing;Specialty Retailers: Other;5;El Dorado;AR;33.20763;-92.6662674
280;MGM Resorts International;297;10774;1960.3;29159;19844;68500;James J. Murren;Chairman &  Chief Executive Officer;Male;Hotels, Restaurants &  Leisure;Hotels, Casinos, Resorts;18;Las Vegas;NV;36.1699412;-115.1398296
281;Office Depot;203;10752;181;6323;1195;45000;Gerry P. Smith;Chairman &  Chief Executive Officer;Male;Retailing;Specialty Retailers: Other;24;Boca Raton;FL;26.3683064;-80.1289321
282;Huntsman;289;10592;636;10244;7090;10000;Peter R. Huntsman;Chairman, President &  Chief Executive Officer;Male;Chemicals;Chemicals;13;The Woodlands;TX;30.1658207;-95.4612625
283;Baxter International;281;10561;717;17111;34979;47000;Jose E. Almeida;Chairman, President &  Chief Executive Officer;Male;Health Care;Medical Products and Equipment;24;Deerfield;IL;42.1711365;-87.8445119
284;Norfolk Southern;284;10551;5404;35711;41226;27110;James A. Squires;Chairman, President &  Chief Executive Officer;Male;Transportation;Railroads;24;Norfolk;VA;36.8507689;-76.2858726
285;salesforce.com;326;10480;127.5;21010;85074;29000;Marc R. Benioff;Chairman &  Chief Executive Officer;Male;Technology;Computer Software;4;SF;CA;37.7749295;-122.4194155
286;Laboratory Corp. of America;290;10441;1268.2;16568;16482;60000;David P. King;Chairman, President &  Chief Executive Officer;Male;Health Care;Health Care: Pharmacy and Other Services;9;Burlington;NC;36.0956918;-79.4377991
287;W.W. Grainger;282;10425;585.7;5804;15823;25050;Donald G. MacPherson;Chairman &  Chief Executive Officer;Male;Wholesalers;Wholesalers: Diversified;24;Lake Forest;IL;42.2586342;-87.840625
288;Qurate Retail;269;10404;2441;24122;12587;28255;Gregory B. Maffei;Chairman;Male;Retailing;Internet Services and Retailing;14;Englewood;CO;39.6477653;-104.9877597
289;Autoliv;283;10383;427.1;8550;12710;67352;Jan Carlson;Chairman, President &  Chief Executive Officer;Male;Motor Vehicles &  Parts;Motor Vehicles and Parts;20;Auburn Hills;MI;42.6875323;-83.2341028
290;Live Nation Entertainment;330;10337;-6;7504;8772;15050;Michael Rapino;President, Chief Executive Officer &  Director;Male;Media;Entertainment;9;Beverly Hills;CA;34.0736204;-118.4003563
291;Xerox;162;10265;195;15946;7330;36100;John Visentin;Chairman &  Chief Executive Officer;Male;Technology;Computers, Office Equipment;24;Norwalk;CT;;
292;Leidos Holdings;381;10170;366;8990;9918;31000;Roger A. Krone;Chairman &  Chief Executive Officer;Male;Technology;Information Technology Services;18;Reston;VA;;
293;Corning;298;10116;-497;27494;23677;46200;Wendell P. Weeks;Chairman, President &  Chief Executive Officer;Male;Industrials;Electronics, Electrical Equip.;23;Corning;NY;;
294;Lithia Motors;318;10087;245.2;4683;2515;12899;Bryan B. DeBoer;President, Chief Executive Officer &  Director;Male;Retailing;Automotive Retailing, Services;4;Medford;OR;42.3265152;-122.8755949
295;Expedia Group;317;10060;378;18516;16764;22615;Mark D. Okerstrom;President, Chief Executive Officer &  Director;Male;Retailing;Internet Services and Retailing;4;Bellevue;WA;47.6101497;-122.2015159
296;Republic Services;299;10042;1278.4;21147;21832;35000;Donald W. Slager;President, Chief Executive Officer &  Director;Male;Business Services;Waste Management;9;Phoenix;AZ;33.4483771;-112.0740373
297;Jacobs Engineering Group;259;10023;293.7;7381;8380;49750;Steven J. Demetriou;Chairman, President &  Chief Executive Officer;Male;Engineering &  Construction;Engineering, Construction;18;Dallas;TX;32.7766642;-96.7969879
298;Sonic Automotive;287;9867;93;3819;804;9750;B. Scott Smith;President, Chief Executive Officer &  Director;Male;Retailing;Automotive Retailing, Services;19;Charlotte;NC;35.2270869;-80.8431267
299;Ally Financial;286;9866;929;167148;11767;7900;Jeffrey J. Brown;Chairman &  Chief Executive Officer;Male;Financials;Diversified Financials;11;Detroit;MI;42.331427;-83.0457538
300;LKQ;304;9848;533.7;9367;11750;43000;Dominick P. Zarcone;President, Chief Executive Officer &  Director;Male;Wholesalers;Wholesalers: Diversified;5;Chicago;IL;41.8781136;-87.6297982
301;BorgWarner;305;9799;439.9;9788;10586;29000;James R. Verrier;President, Chief Executive Officer &  Director;Male;Motor Vehicles &  Parts;Motor Vehicles and Parts;12;Auburn Hills;MI;42.6875323;-83.2341028
302;Fidelity National Financial;293;9769;771;9151;10983;24525;Raymond R. Quirk;Chairman &  Chief Executive Officer;Male;Financials;Insurance: Property and Casualty (Stock);11;Jacksonville;FL;30.3321838;-81.655651
303;SunTrust Banks;303;9741;2273;205962;31863;23785;William H. Rogers Jr.;Chairman &  Chief Executive Officer;Male;Financials;Commercial Banks;24;Atlanta;GA;33.7489954;-84.3879824
304;IQVIA Holdings;390;9739;1309;22742;20433;55000;Ari Bousbib;Chairman, President &  Chief Executive Officer;Male;Health Care;Health Care: Pharmacy and Other Services;5;Durham;NC;35.980513;-78.90511
305;Reliance Steel & Aluminum;320;9721;613.4;7751;6244;14900;Gregg J. Mollins;President, Chief Executive Officer &  Director;Male;Materials;Metals;12;Los Angeles;CA;34.0522342;-118.2436849
306;Nvidia;387;9714;3047;11241;140112;11528;Jen-Hsun Huang;President, Chief Executive Officer &  Director;Male;Technology;Semiconductors and Other Electronic Components;2;Santa Clara;CA;37.3541079;-121.9552356
307;Voya Financial;266;9660;-2992;222532;8686;6300;Rodney O. Martin Jr.;Chairman &  Chief Executive Officer;Male;Financials;Diversified Financials;4;New York;NY;40.7127753;-74.0059728
308;CenterPoint Energy;362;9614;1792;22736;11822;7977;Scott M. Prochazka;President, Chief Executive Officer &  Director;Male;Energy;Utilities: Gas and Electric;24;Houston;TX;29.7604267;-95.3698028
309;eBay;310;9567;-1016;25981;40726;14100;Devin N. Wenig;President, Chief Executive Officer &  Director;Male;Technology;Internet Services and Retailing;13;San Jose;CA;37.3382082;-121.8863286
310;Eastman Chemical;309;9549;1384;15999;15073;14000;Mark J. Costa;Chairman &  Chief Executive Officer;Male;Chemicals;Chemicals;24;Kingsport;TN;36.548434;-82.5618186
311;American Family Insurance Group;315;9545;155.6;24233;NA;11307;Jack C. Salzwedel;Chairman &  Chief Executive Officer;Male;Financials;Insurance: Property and Casualty (Stock);22;Madison;WI;43.0730517;-89.4012302
312;Steel Dynamics;347;9539;812.7;6856;10444;7635;Mark D. Millett;President, Chief Executive Officer &  Director;Male;Materials;Metals;9;Fort Wayne;IN;41.079273;-85.1393513
313;Pacific Life;302;9510;1365;157877;NA;3578;James T. Morris;Chairman, President &  Chief Executive Officer;Male;Financials;Insurance: Life, Health (stock);22;Newport Beach;CA;33.6188829;-117.9298493
314;Chesapeake Energy;343;9496;949;12425;2746;3200;Robert D. Lawler;President, Chief Executive Officer &  Director;Male;Energy;Mining, Crude-Oil Production;13;Oklahoma City;OK;35.4675602;-97.5164276
315;Mohawk Industries;311;9491;971.6;12095;17283;38800;Jeffrey S. Lorberbaum;Chairman &  Chief Executive Officer;Male;Household Products;Home Equipment, Furnishings;19;Calhoun;GA;34.502587;-84.9510542
316;Quanta Services;355;9467;315;6480;5281;32800;Earl C. Austin Jr.;President, Chief Executive Officer &  Director;Male;Engineering &  Construction;Engineering, Construction;6;Houston;TX;29.7604267;-95.3698028
317;Advance Auto Parts;292;9374;475.5;8482;8770;55500;Thomas R. Greco;President, Chief Executive Officer &  Director;Male;Retailing;Specialty Retailers: Other;16;Roanoke;VA;37.2709704;-79.9414266
318;Owens & Minor;288;9318;72.8;3376;961;8600;P. Cody Phipps;Chairman, President &  Chief Executive Officer;Male;Wholesalers;Wholesalers: Health Care;24;Mechanicsville;VA;37.6087561;-77.3733139
319;United Natural Foods;325;9275;130.2;2887;2165;9700;Steven L. Spinner;Chairman, President &  Chief Executive Officer;Male;Wholesalers;Wholesalers: Food and Grocery;6;Providence;RI;41.8239891;-71.4128343
320;Tenneco;322;9274;207;4842;2822;32000;Brian J. Kesseler;Chief Executive Officer &  Director;Male;Motor Vehicles &  Parts;Motor Vehicles and Parts;24;Lake Forest;IL;42.2586342;-87.840625
321;Conagra Brands;197;9235;639.3;10096;14776;12600;Sean M. Connolly;President, Chief Executive Officer &  Director;Male;Food, Beverages &  Tobacco;Food Consumer Products;24;Chicago;IL;41.8781136;-87.6297982
322;GameStop;321;9225;34.7;5042;1279;39500;Shane S. Kim;Interim Chief Executive Officer;Male;Retailing;Specialty Retailers: Other;12;Grapevine;TX;32.9342919;-97.0780654
323;Hormel Foods;295;9168;846.7;6976;18174;20200;James P. Snee;Chairman, President &  Chief Executive Officer;Male;Food, Beverages &  Tobacco;Food Consumer Products;24;Austin;MN;43.6666296;-92.9746367
324;Hilton Worldwide Holdings;241;9140;1259;14308;24957;163000;Christopher J. Nassetta;President, Chief Executive Officer &  Director;Male;Hotels, Restaurants &  Leisure;Hotels, Casinos, Resorts;15;McLean;VA;38.9338676;-77.1772604
325;Frontier Communications;313;9128;-1804;24884;582;22736;Daniel J. McCarthy;President, Chief Executive Officer &  Director;Male;Telecommunications;Telecommunications;5;Norwalk;CT;41.117744;-73.4081575
326;Fidelity National Information Services;301;9123;1319;24517;31893;53000;Gary A. Norcross;President, Chief Executive Officer &  Director;Male;Business Services;Financial Data Services;9;Jacksonville;FL;30.3321838;-81.655651
327;Public Service Enterprise Group;306;9084;1574;42716;25359;12945;Ralph Izzo;Chairman, President &  Chief Executive Officer;Male;Energy;Utilities: Gas and Electric;24;Newark;NJ;40.735657;-74.1723667
328;Boston Scientific;327;9048;104;19042;37688;29000;Michael F. Mahoney;Chairman, President &  Chief Executive Officer;Male;Health Care;Medical Products and Equipment;15;Marlboro;MA;42.3459271;-71.5522874
329;OReilly Automotive;323;8978;1133.8;7572;20607;60365;Gregory D. Johnson;President, Chief Executive Officer &  Director;Male;Retailing;Specialty Retailers: Other;9;Springfield;MO;37.2089572;-93.2922989
330;Charles Schwab;357;8960;2354;243274;70313;17600;Walter W. Bettinger II;President, Chief Executive Officer &  Director;Male;Financials;Securities;20;SF;CA;37.7749295;-122.4194155
331;Global Partners;334;8921;58.8;2320;522;2000;Eric Slifka;President, Chief Executive Officer &  Director;Male;Wholesalers;Wholesalers: Diversified;12;Waltham;MA;42.3764852;-71.2356113
332;PVH;335;8915;537.8;11886;11649;28050;Emanuel Chirico;Chairman &  Chief Executive Officer;Male;Apparel;Apparel;8;New York;NY;40.7127753;-74.0059728
333;Avis Budget Group;319;8848;361;17699;3792;26300;Larry D. De Shon;President, Chief Executive Officer &  Director;Male;Retailing;Automotive Retailing, Services;21;Parsippany-Troy Hills;NJ;40.8652865;-74.4173877
334;Targa Resources;402;8815;54;14389;9629;2130;Joe Bob Perkins;Chairman &  Chief Executive Officer;Male;Energy;Pipelines;10;Houston;TX;29.7604267;-95.3698028
335;Hertz Global Holdings;296;8803;327;20058;1662;37000;Kathryn V. Marinello;President, Chief Executive Officer &  Director;Female;Retailing;Automotive Retailing, Services;11;Estero;FL;26.438136;-81.8067523
336;Calpine;400;8752;-339;16453;NA;2290;John B. Hill III;President, Chief Executive Officer &  Director;Male;Energy;Energy;17;Houston;TX;29.7604267;-95.3698028
337;Mutual of Omaha Insurance;342;8732;862.6;42429;NA;5896;;Chairman, President &  Chief Executive Officer;Male;Financials;Insurance: Life, Health (stock);22;Omaha;NE;41.2565369;-95.9345034
338;Crown Holdings;333;8698;323;10663;6816;24342;Timothy J. Donahue;President, Chief Executive Officer &  Director;Male;Materials;Packaging, Containers;24;Philadelphia;PA;39.9525839;-75.1652215
339;Peter Kiewit Sons;324;8678;371;5710;NA;22000;Bruce E. Grewcock;President, Chief Executive Officer &  Director;Male;Engineering &  Construction;Engineering, Construction;19;Omaha;NE;41.2565369;-95.9345034
340;Dicks Sporting Goods;340;8591;323.4;4204;3765;30300;Edward W. Stack;Chairman &  Chief Executive Officer;Male;Retailing;Specialty Retailers: Other;9;Coraopolis;PA;40.5184013;-80.1667247
341;PulteGroup;353;8573;447.2;9687;8439;4810;Ryan R. Marshall;President, Chief Executive Officer &  Director;Male;Engineering &  Construction;Homebuilders;16;Atlanta;GA;33.7489954;-84.3879824
342;Navistar International;337;8570;30;6135;3451;11400;Troy A. Clarke;Chairman, President &  Chief Executive Officer;Male;Industrials;Construction and Farm Machinery;22;Lisle;IL;41.801141;-88.0747875
343;Thrivent Financial for Lutherans;316;8528;558.4;95001;NA;3622;Bradford L. Hewitt;Chief Executive Officer &  Director;Male;Financials;Insurance: Life, Health (Mutual);24;Minneapolis;MN;44.977753;-93.2650108
344;DCP Midstream;NA;8462;229;13878;5033;2650;Wouter T. van Kempen;Chairman, President &  Chief Executive Officer;Male;Energy;Pipelines;1;Denver;CO;39.7392358;-104.990251
345;Air Products & Chemicals;294;8442;3000.4;18467;34818;15150;Seifi Ghasemi;Chairman, President &  Chief Executive Officer;Male;Chemicals;Chemicals;24;Allentown;PA;40.6022939;-75.4714098
346;Veritiv;331;8365;-13.3;2708;617;8900;Mary A. Laschinger;Chairman &  Chief Executive Officer;Female;Wholesalers;Wholesalers: Diversified;3;Atlanta;GA;33.7489954;-84.3879824
347;AGCO;370;8307;186.4;7972;5157;20462;Martin H. Richenhagen;Chairman, President &  Chief Executive Officer;Male;Industrials;Construction and Farm Machinery;17;Duluth;GA;34.0028786;-84.1446376
348;Genworth Financial;329;8295;817;105297;1413;3500;Thomas J. McInerney;President, Chief Executive Officer &  Director;Male;Financials;Insurance: Life, Health (stock);13;Richmond;VA;37.5407246;-77.4360481
349;Univar;338;8254;119.8;5733;3920;8600;David C. Jukes;President, Chief Executive Officer &  Director;Male;Wholesalers;Wholesalers: Diversified;3;Downers Grove;IL;41.8089191;-88.0111746
350;News Corp.;332;8139;-738;14552;9272;26000;Robert J. Thomson;Chairman &  Chief Executive Officer;Male;Media;Publishing, Printing;4;New York;NY;40.7127753;-74.0059728
351;SpartanNash;350;8128;-52.8;2056;620;11950;David M. Staples;President, Chief Executive Officer &  Director;Male;Wholesalers;Wholesalers: Food and Grocery;8;Byron Center;MI;42.8122508;-85.7228061
352;Westlake Chemical;507;8041;1304;12076;14385;8799;Albert Yuan Chao;President, Chief Executive Officer &  Director;Male;Chemicals;Chemicals;1;Houston;TX;29.7604267;-95.3698028
353;Williams;367;8031;2174;46352;20567;5425;Alan S. Armstrong;President, Chief Executive Officer &  Director;Male;Energy;Energy;24;Tulsa;OK;36.1539816;-95.992775
354;Lam Research;440;8014;1697.8;12123;33105;9400;Martin B. Anstice;Chairman &  Chief Executive Officer;Male;Technology;Semiconductors and Other Electronic Components;3;Fremont;CA;37.5482697;-121.9885719
355;Alaska Air Group;438;7933;1034;10740;7646;23156;Bradley D. Tilden;Chairman, President &  Chief Executive Officer;Male;Transportation;Airlines;5;Seattle;WA;47.6062095;-122.3320708
356;Jones Lang LaSalle;391;7932;254.2;8015;7930;81900;Christian Ulbrich;President, Chief Executive Officer &  Director;Male;Financials;Real estate;4;Chicago;IL;41.8781136;-87.6297982
357;Anixter International;359;7927;109;4252;2522;8900;Robert J. Eck;Chairman &  Chief Executive Officer;Male;Wholesalers;Wholesalers: Electronics and Office Equipment;16;Glenview;IL;42.0697509;-87.7878408
358;Campbell Soup;339;7890;887;7726;13021;18000;Denise M. Morrison;President, Chief Executive Officer &  Director;Female;Food, Beverages &  Tobacco;Food Consumer Products;24;Camden;NJ;39.9259463;-75.1196199
359;Interpublic Group;345;7882;579;12695;8854;50200;Michael I. Roth;Chairman &  Chief Executive Officer;Male;Business Services;Advertising, marketing;21;New York;NY;40.7127753;-74.0059728
360;Dover;392;7830;811.7;10658;15183;29000;Richard J. Tobin;President, Chief Executive Officer &  Director;Male;Industrials;Industrial Machinery;24;Downers Grove;IL;41.8089191;-88.0111746
361;Zimmer Biomet Holdings;352;7824;1813.8;25965;22151;18200;Bryan C. Hanson;President, Chief Executive Officer &  Director;Male;Health Care;Medical Products and Equipment;3;Warsaw;IN;41.2381;-85.8530469
362;Dean Foods;351;7795;61.6;2504;787;16000;Ralph P. Scozzafava;Chairman &  Chief Executive Officer;Male;Food, Beverages &  Tobacco;Food Consumer Products;20;Dallas;TX;32.7766642;-96.7969879
363;Foot Locker;348;7782;284;3961;5379;32175;Richard A. Johnson;Chairman, President &  Chief Executive Officer;Male;Retailing;Specialty Retailers: Apparel;24;New York;NY;40.7127753;-74.0059728
364;Eversource Energy;358;7752;988;36220;18671;8084;James J. Judge;Chairman, President &  Chief Executive Officer;Male;Energy;Utilities: Gas and Electric;23;Springfield;MA;42.1014831;-72.589811
365;Alliance Data Systems;378;7719;788.7;30685;11806;20000;Edward J. Heffernan;President, Chief Executive Officer &  Director;Male;Business Services;Financial Data Services;4;Plano;TX;33.0198431;-96.6988856
366;Fifth Third Bancorp;389;7713;2194;142193;21812;18125;Greg D. Carmichael;Chairman, President &  Chief Executive Officer;Male;Financials;Commercial Banks;19;Cincinnati;OH;39.1031182;-84.5120196
367;Quest Diagnostics;366;7709;772;10503;13619;45000;Stephen H. Rusckowski;Chairman, President &  Chief Executive Officer;Male;Health Care;Health Care: Pharmacy and Other Services;18;Secaucus;NJ;40.7895453;-74.0565298
368;EMCOR Group;360;7688;227.2;3966;4549;32000;Anthony J. Guzzi;President, Chief Executive Officer &  Director;Male;Engineering &  Construction;Engineering, Construction;18;Norwalk;CT;41.117744;-73.4081575
369;W.R. Berkley;354;7685;549.1;24300;8836;7722;W. Robert Berkley Jr.;President, Chief Executive Officer &  Director;Male;Financials;Insurance: Property and Casualty (Stock);15;Greenwich;CT;41.0262417;-73.6281964
370;WESCO International;373;7679;163.5;4736;2920;9100;John J. Engel;Chairman, President &  Chief Executive Officer;Male;Wholesalers;Wholesalers: Diversified;20;Pittsburgh;PA;40.4406248;-79.9958864
371;Coty;558;7650;-422.2;22548;13723;22000;Camillo Pane;Chairman &  Chief Executive Officer;Male;Household Products;Household and Personal Products;1;New York;NY;40.7127753;-74.0059728
372;WEC Energy Group;368;7649;1203.7;31591;19784;8129;Gale E. Klappa;Chairman &  Chief Executive Officer;Male;Energy;Utilities: Gas and Electric;9;Milwaukee;WI;43.0389025;-87.9064736
373;Masco;372;7644;533;5488;12590;26000;Keith J. Allman;President, Chief Executive Officer &  Director;Male;Household Products;Home Equipment, Furnishings;24;Livonia;MI;42.36837;-83.3527097
374;DXC Technology;NA;7607;-123;8663;28720;60000;J. Michael Lawrie;Chairman, President &  Chief Executive Officer;Male;Technology;Information Technology Services;1;Tysons;VA;38.9187222;-77.2310925
375;Auto-Owners Insurance;398;7604;645.7;23694;NA;5227;Jeffrey S. Tagsold;Chief Executive Officer &  Director;Male;Financials;Insurance: Property and Casualty (Mutual);16;Lansing;MI;42.732535;-84.5555347
376;Jones Financial (Edward Jones);403;7597;872;17176;NA;45000;James D. Weddle;Chief Executive Officer &  Managing Partner;Male;Financials;Securities;6;Des Peres;MO;38.59722;-90.448126
377;Liberty Media;491;7594;1354;41996;13816;4393;Gregory B. Maffei;President, Chief Executive Officer &  Director;Male;Media;Entertainment;2;Englewood;CO;39.6477653;-104.9877597
378;Erie Insurance Group;382;7535;857.5;20670;NA;5260;Timothy G. NeCastro;Chief Executive Officer;Male;Financials;Insurance: Property and Casualty (Mutual);15;Erie;PA;42.1292241;-80.085059
379;Hershey;369;7515;783;5554;20774;16135;Michele G. Buck;President, Chief Executive Officer &  Director;Female;Food, Beverages &  Tobacco;Food Consumer Products;24;Hershey;PA;40.2859239;-76.6502468
380;PPL;365;7447;1128;41479;19635;12512;William H. Spence;Chairman, President &  Chief Executive Officer;Male;Energy;Utilities: Gas and Electric;24;Allentown;PA;40.6022939;-75.4714098
381;Huntington Ingalls Industries;380;7441;479;6374;11539;38000;C. Michael Petters;President, Chief Executive Officer &  Director;Male;Aerospace &  Defense;Aerospace and Defense;6;Newport News;VA;37.0870821;-76.4730122
382;Mosaic;377;7409;-107.2;18633;9358;8500;James C. O'Rourke;President, Chief Executive Officer &  Director;Male;Chemicals;Chemicals;13;Plymouth;MN;45.0105194;-93.4555093
383;J.M. Smucker;346;7392;592.3;15640;14087;7140;Mark T. Smucker;President, Chief Executive Officer &  Director;Male;Food, Beverages &  Tobacco;Food Consumer Products;8;Orrville;OH;;
384;Delek US Holdings;480;7350;288.8;5935;3416;3941;Ezra Uzi Yemin;Chairman, President &  Chief Executive Officer;Male;Energy;Petroleum Refining;4;Brentwood;TN;36.0331164;-86.7827772
385;Newmont Mining;328;7348;-98;20563;20853;12569;Gary J. Goldberg;President, Chief Executive Officer &  Director;Male;Energy;Mining, Crude-Oil Production;15;Greenwood Village;CO;39.6172101;-104.9508141
386;Constellation Brands;408;7332;1535.1;18602;44379;8700;Robert S. Sands;Chairman &  Chief Executive Officer;Male;Food, Beverages &  Tobacco;Beverages;6;Victor;NY;42.9825633;-77.4088794
387;Ryder System;394;7330;790.6;11452;3867;36100;;Chairman, President &  Chief Executive Officer;Male;Transportation;Trucking, Truck Leasing;24;Miami;FL;25.7616798;-80.1917902
388;National Oilwell Varco;375;7304;-237;20206;13993;31605;Clay C. Williams;Chairman, President &  Chief Executive Officer;Male;Energy;Oil and Gas Equipment, Services;13;Houston;TX;29.7604267;-95.3698028
389;Adobe Systems;443;7302;1694;14536;106413;17973;Shantanu Narayen;Chairman, President &  Chief Executive Officer;Male;Technology;Computer Software;2;San Jose;CA;37.3382082;-121.8863286
390;LifePoint Health;374;7263;102.4;6286;1832;42000;William F. Carpenter III;Chairman &  Chief Executive Officer;Male;Health Care;Health Care: Medical Facilities;4;Brentwood;TN;36.0331164;-86.7827772
391;Tractor Supply;396;7256;422.6;2869;7807;21000;Gregory A. Sandfort;Chairman &  Chief Executive Officer;Male;Retailing;Specialty Retailers: Other;5;Brentwood;TN;36.0331164;-86.7827772
392;Thor Industries;540;7247;374.3;2558;6069;17800;Robert W. Martin;President, Chief Executive Officer &  Director;Male;Motor Vehicles &  Parts;Motor Vehicles and Parts;1;Elkhart;IN;41.6819935;-85.9766671
393;Dana;447;7209;111;5644;3741;30100;James K. Kamsickas;President, Chief Executive Officer &  Director;Male;Motor Vehicles &  Parts;Motor Vehicles and Parts;24;Maumee;OH;41.5628294;-83.6538244
394;Weyerhaeuser;341;7196;582;18059;26463;9300;Doyle R. Simons;President, Chief Executive Officer &  Director;Male;Materials;Forest and Paper Products;24;Seattle;WA;47.6062095;-122.3320708
395;J.B. Hunt Transport Services;407;7190;686.3;4465;12858;24681;John N. Roberts III;President, Chief Executive Officer &  Director;Male;Transportation;Trucking, Truck Leasing;6;Lowell;AR;36.2553543;-94.1307587
396;Darden Restaurants;385;7170;479.1;5504;10531;178729;Eugene I. Lee Jr.;President, Chief Executive Officer &  Director;Male;Hotels, Restaurants &  Leisure;Food Services;22;Orlando;FL;28.5383355;-81.3792365
397;Yum China Holdings;399;7144;403;4263;16009;450000;Joey Wat;Chairman &  Chief Executive Officer;Female;Hotels, Restaurants &  Leisure;Food Services;2;Plano;TX;33.0198431;-96.6988856
398;Blackstone Group;503;7119;1470.8;34429;21058;2360;Stephen A. Schwarzman;Chairman &  Chief Executive Officer;Male;Financials;Diversified Financials;3;New York;NY;40.7127753;-74.0059728
399;Berry Global Group;413;7095;340;8476;7191;23000;Thomas E. Salmon;Chairman &  Chief Executive Officer;Male;Materials;Packaging, Containers;2;Evansville;IN;37.9715592;-87.5710898
400;Builders FirstSource;421;7034;38.8;3006;2264;15000;M. Chad Crow;President, Chief Executive Officer &  Director;Male;Materials;Building Materials, Glass;2;Dallas;TX;32.7766642;-96.7969879
401;Activision Blizzard;406;7017;273;18668;51177;9800;Robert A. Kotick;Chairman &  Chief Executive Officer;Male;Technology;Entertainment;2;Santa Monica;CA;34.0194543;-118.4911912
402;JetBlue Airways;403;7015;1147;9781;6540;17424;Robin Hayes;President, Chief Executive Officer &  Director;Male;Transportation;Airlines;6;New York;NY;40.744679;-73.9485424
403;Amphenol;424;7011;650.5;10004;26311;70000;R. Adam Norwitt;President, Chief Executive Officer &  Director;Male;Technology;Network and Other Communications Equipment;4;Wallingford;CT;41.4570108;-72.8230736
404;A-Mark Precious Metals;395;6990;07. Jan;479;86;126;Gregory N. Roberts;Chairman &  Chief Executive Officer;Male;Materials;Miscellaneous;4;El Segundo;CA;33.9191799;-118.4164652
405;Spirit AeroSystems Holdings;393;6983;354.9;5268;9595;15500;Thomas C. Gentile III;President, Chief Executive Officer &  Director;Male;Aerospace &  Defense;Aerospace and Defense;4;Wichita;KS;37.6871761;-97.330053
406;R.R. Donnelley & Sons;388;6940;-34.4;3905;612;42700;Daniel L. Knotts;President, Chief Executive Officer &  Director;Male;Media;Publishing, Printing;24;Chicago;IL;41.8781136;-87.6297982
407;Harris;363;6939;553;10090;19149;17000;William M. Brown;Chairman, President &  Chief Executive Officer;Male;Aerospace &  Defense;Aerospace and Defense;14;Melbourne;FL;28.0836269;-80.6081089
408;Expeditors Intl. of Washington;429;6921;489.3;3117;11087;16500;Jeffrey S. Musser;President, Chief Executive Officer &  Director;Male;Transportation;Transportation and Logistics;11;Seattle;WA;47.6062095;-122.3320708
409;Discovery;412;6873;-337;22555;11156;7000;David M. Zaslav;President, Chief Executive Officer &  Director;Male;Media;Entertainment;5;Silver Spring;MD;38.9906657;-77.026088
410;Owens-Illinois;401;6869;180;9756;3538;26500;Andres A. Lopez;President, Chief Executive Officer &  Director;Male;Materials;Packaging, Containers;24;Perrysburg;OH;41.556996;-83.627157
411;Sanmina;414;6869;138.8;3847;1863;41250;Robert K. Eulau;Chairman &  Chief Executive Officer;Male;Technology;Semiconductors and Other Electronic Components;18;San Jose;CA;37.3382082;-121.8863286
412;KeyCorp;479;6868;1296;137698;20570;18415;Beth E. Mooney;Chairman, President &  Chief Executive Officer;Female;Financials;Commercial Banks;20;Cleveland;OH;41.49932;-81.6943605
413;American Financial Group;411;6865;475;60658;9923;7600;Carl H. Lindner lll/S. Craig Lindner;President, Co-Chief Executive Officer &  Director;Male;Financials;Insurance: Property and Casualty (Stock);19;Cincinnati;OH;39.1031182;-84.5120196
414;Oshkosh;425;6830;285.6;5099;5768;14000;Wilson R. Jones;President, Chief Executive Officer &  Director;Male;Industrials;Construction and Farm Machinery;11;Oshkosh;WI;44.0247062;-88.5426136
415;Rockwell Collins;492;6822;705;17997;22108;29000;Robert K. Ortberg;Chairman, President &  Chief Executive Officer;Male;Aerospace &  Defense;Aerospace and Defense;7;Cedar Rapids;IA;41.9778795;-91.6656232
416;Kindred Healthcare;376;6768;-698.4;5233;836;64200;Benjamin A. Breier;President, Chief Executive Officer &  Director;Male;Health Care;Health Care: Medical Facilities;15;Louisville;KY;38.2526647;-85.7584557
417;Insight Enterprises;473;6704;90.7;2686;1252;6697;Kenneth T. Lamneck;President, Chief Executive Officer &  Director;Male;Technology;Information Technology Services;10;Tempe;AZ;33.4255104;-111.9400054
418;Dr Pepper Snapple Group;416;6690;1076;10022;21278;21000;Larry D. Young;President, Chief Executive Officer &  Director;Male;Food, Beverages &  Tobacco;Beverages;10;Plano;TX;33.0198431;-96.6988856
419;American Tower;449;6664;1238.9;33214;64073;4752;James D. Taiclet Jr.;Chairman, President &  Chief Executive Officer;Male;Financials;Real estate;2;Boston;MA;42.3600825;-71.0588801
420;Fortive;NA;6656;1044.5;10501;26979;26000;James A. Lico;President, Chief Executive Officer &  Director;Male;Industrials;Industrial Machinery;1;Everett;WA;47.9789848;-122.2020795
421;Ralph Lauren;371;6653;-99.3;5652;9088;18250;Patrice Louvet;President, Chief Executive Officer &  Director;Male;Apparel;Apparel;10;New York;NY;40.7127753;-74.0059728
422;HRG Group;418;6650;106;35850;3328;17113;Joseph S. Steinberg;Chairman &  Chief Executive Officer;Male;Household Products;Household and Personal Products;5;New York;NY;40.7127753;-74.0059728
423;Ascena Retail Group;384;6650;-1067.3;3872;394;40000;David R. Jaffe;Chairman &  Chief Executive Officer;Male;Retailing;Specialty Retailers: Apparel;2;Mahwah;NJ;41.0886216;-74.1435843
424;United Rentals;452;6641;1346;15030;14537;14800;Michael J. Kneeland;Chairman &  Chief Executive Officer;Male;Business Services;Miscellaneous;5;Stamford;CT;41.0534302;-73.5387341
425;Caseys General Stores;423;6641;177.5;3020;4120;25463;Terry W. Handley;President, Chief Executive Officer &  Director;Male;Retailing;Specialty Retailers: Other;8;Ankeny;IA;41.7317884;-93.6001278
426;Graybar Electric;420;6631;71.6;2261;NA;8500;Kathleen M. Mazzarella;Chairman, President &  Chief Executive Officer;Female;Wholesalers;Wholesalers: Diversified;24;St. Louis;MO;38.6270025;-90.1994042
427;Avery Dennison;430;6614;281.8;5137;9361;30000;;President, Chief Executive Officer &  Director;Male;Materials;Packaging, Containers;24;Glendale;CA;34.1425078;-118.255075
428;MasTec;502;6607;347.2;4067;3874;17300;Jose R. Mas;Chief Executive Officer;Male;Engineering &  Construction;Engineering, Construction;1;Coral Gables;FL;25.72149;-80.2683838
429;CMS Energy;419;6583;460;23050;12793;7887;Patricia K. Poppe;President, Chief Executive Officer &  Director;Female;Energy;Utilities: Gas and Electric;24;Jackson;MI;42.245869;-84.4013462
430;HD Supply Holdings;364;6534;970;4318;7040;11000;Joseph J. DeAngelo;Chairman, President &  Chief Executive Officer;Male;Wholesalers;Wholesalers: Diversified;6;Atlanta;GA;33.7489954;-84.3879824
431;Raymond James Financial;469;6525;636.2;34884;13019;12700;Paul C. Reilly;Chairman &  Chief Executive Officer;Male;Financials;Securities;3;St. Petersburg;FL;27.7676008;-82.6402915
432;NCR;409;6516;232;7654;3737;34000;Michael D. Hayford;Chief Executive Officer &  Director;Male;Technology;Computers, Office Equipment;21;Atlanta;GA;33.7489954;-84.3879824
433;Hanesbrands;432;6478;61.9;6895;6638;67200;Gerald W. Evans Jr.;Chairman &  Chief Executive Officer;Male;Apparel;Apparel;4;Winston-Salem;NC;36.0998596;-80.244216
434;Asbury Automotive Group;410;6457;139.1;2357;1412;8000;David W. Hult;President, Chief Executive Officer &  Director;Male;Retailing;Automotive Retailing, Services;12;Duluth;GA;34.0028786;-84.1446376
435;Citizens Financial Group;451;6454;1652;152336;20474;17594;Bruce W. Van Saun;Chairman, President &  Chief Executive Officer;Male;Financials;Commercial Banks;3;Providence;RI;41.8239891;-71.4128343
436;Packaging Corp. of America;450;6445;668.6;6198;10633;14600;Mark W. Kowlzan;Chairman &  Chief Executive Officer;Male;Materials;Packaging, Containers;4;Lake Forest;IL;42.2586342;-87.840625
437;Alleghany;428;6425;90.1;25384;9460;4402;Weston M. Hicks;President, Chief Executive Officer &  Director;Male;Financials;Insurance: Property and Casualty (Stock);4;New York;NY;40.7127753;-74.0059728
438;Apache;488;6423;1304;21922;14678;3356;John J. Christmann IV;President, Chief Executive Officer &  Director;Male;Energy;Mining, Crude-Oil Production;15;Houston;TX;29.7604267;-95.3698028
439;Dillards;417;6423;221.3;3673;2289;31400;William T. Dillard II;Chairman &  Chief Executive Officer;Male;Retailing;General Merchandisers;24;Little Rock;AR;34.7464809;-92.2895948
440;Assurant;361;6415;519.6;31843;4803;14175;Alan B. Colberg;President, Chief Executive Officer &  Director;Male;Financials;Insurance: Property and Casualty (Stock);14;New York;NY;40.7127753;-74.0059728
441;Franklin Resources;405;6392;1696.7;17534;19133;9386;Gregory E. Johnson;Chairman &  Chief Executive Officer;Male;Financials;Securities;13;San Mateo;CA;37.5629917;-122.3255254
442;Owens Corning;458;6384;289;8632;8982;17000;Michael H. Thaman;Chairman, President &  Chief Executive Officer;Male;Materials;Building Materials, Glass;24;Toledo;OH;41.6528052;-83.5378674
443;Motorola Solutions;433;6380;-155;8208;17027;15000;Gregory Q. Brown;Chairman &  Chief Executive Officer;Male;Technology;Network and Other Communications Equipment;24;Chicago;IL;41.8781136;-87.6297982
444;NVR;446;6322;537.5;2989;10262;5200;Paul C. Saville;President, Chief Executive Officer &  Director;Male;Engineering &  Construction;Homebuilders;9;Reston;VA;38.9586307;-77.3570028
445;Rockwell Automation;442;6311;825.7;7162;22260;22000;Blake D. Moret;Chairman, President &  Chief Executive Officer;Male;Industrials;Electronics, Electrical Equip.;24;Milwaukee;WI;43.0389025;-87.9064736
446;TreeHouse Foods;427;6307;-286.2;5779;2159;13489;;President, Chief Executive Officer &  Director;Male;Food, Beverages &  Tobacco;Food Consumer Products;2;Oak Brook;IL;41.8397865;-87.9535534
447;Wynn Resorts;548;6306;747.2;12682;19778;25200;Matthew O. Maddox;President, Chief Executive Officer &  Director;Male;Hotels, Restaurants &  Leisure;Hotels, Casinos, Resorts;5;Las Vegas;NV;36.1699412;-115.1398296
448;Olin;467;6268;549.5;9218;5081;6400;John E. Fischer;Chairman, President &  Chief Executive Officer;Male;Chemicals;Chemicals;5;Clayton;MO;38.6425518;-90.3237263
449;American Axle & Manufacturing;593;6266;337.1;7883;1699;25000;David C. Dauch;Chairman &  Chief Executive Officer;Male;Motor Vehicles &  Parts;Motor Vehicles and Parts;4;Detroit;MI;42.331427;-83.0457538
450;Old Republic International;439;6263;560.5;19404;5778;8700;Aldo C. Zucaro;Chairman &  Chief Executive Officer;Male;Financials;Insurance: Property and Casualty (Stock);7;Chicago;IL;41.8781136;-87.6297982
451;Chemours;482;6183;746;7293;8840;7000;Mark P. Vergnano;President, Chief Executive Officer &  Director;Male;Chemicals;Chemicals;2;Wilmington;DE;39.7390721;-75.5397878
452;iHeartMedia;426;6178;-704.4;12257;39;18700;Robert W. Pittman;Chairman &  Chief Executive Officer;Male;Media;Entertainment;18;San Antonio;TX;29.4241219;-98.4936282
453;Ameren;431;6177;523;25945;13740;8615;Warner L. Baxter;Chairman, President &  Chief Executive Officer;Male;Energy;Utilities: Gas and Electric;21;St. Louis;MO;38.6270025;-90.1994042
454;Arthur J. Gallagher;462;6160;463.1;12897;12512;26783;J. Patrick Gallagher Jr.;Chairman, President &  Chief Executive Officer;Male;Financials;Diversified Financials;3;Rolling Meadows;IL;42.0841936;-88.0131275
455;Celanese;484;6140;843;9538;13611;7592;Mark C. Rohr;Chairman, President &  Chief Executive Officer;Male;Chemicals;Chemicals;13;Irving;TX;32.8140177;-96.9488945
456;Sealed Air;397;6131;814.9;5280;7162;15000;Edward L. Doheny II;President, Chief Executive Officer &  Director;Male;Materials;Packaging, Containers;21;Charlotte;NC;35.2270869;-80.8431267
457;UGI;457;6121;436.6;11582;7685;13000;John L. Walsh;President, Chief Executive Officer &  Director;Male;Energy;Energy;14;King of Prussia;PA;40.1012856;-75.3835525
458;Realogy Holdings;448;6114;431;7337;3568;11800;Ryan M. Schneider;President, Chief Executive Officer &  Director;Male;Financials;Real estate;8;Madison;NJ;;
459;Burlington Stores;463;6110;384.9;2813;9018;40000;Thomas A. Kingsbury;Chairman, President &  Chief Executive Officer;Male;Retailing;Specialty Retailers: Apparel;3;Burlington;NJ;40.071222;-74.8648873
460;Regions Financial;436;6093;1263;124294;20861;21714;O.B. Grayson Hall Jr.;Chairman &  Chief Executive Officer;Male;Financials;Commercial Banks;20;Birmingham;AL;33.5206608;-86.80249
461;AK Steel Holding;441;6081;06. Feb;4296;1428;9200;Roger K. Newport;Chairman &  Chief Executive Officer;Male;Materials;Metals;18;Beckett Ridge;OH;39.3321262;-84.4172666
462;Securian Financial Group;532;6067;418.9;51232;NA;5000;Christopher M. Hilger;Chairman, President &  Chief Executive Officer;Male;Financials;Insurance: Life, Health (stock);1;St Paul;MN;44.9537029;-93.0899578
463;S& P Global;459;6063;1496;9425;47643;20400;Douglas L. Peterson;President, Chief Executive Officer &  Director;Male;Business Services;Financial Data Services;24;New York;NY;40.7127753;-74.0059728
464;Markel;460;6062;395.3;32805;16264;15600;Thomas S. Gayner/Richard R. Whitt III;Co-Chief Executive Officer &  Director;Male;Financials;Insurance: Property and Casualty (Stock);3;Glen Allen;VA;37.665978;-77.5063739
465;TravelCenters of America;470;6052;09. Mrz;1618;144;19611;Andrew J. Rebholz;Chief Executive Officer &  Director;Male;Retailing;Specialty Retailers: Other;11;Westlake;OH;41.4553232;-81.9179173
466;Conduent;NA;6022;181;7548;3923;90000;Ashok Vemuri;Chairman &  Chief Executive Officer;Male;Business Services;Diversified Outsourcing Services;1;Florham Park;NJ;40.787878;-74.3882072
467;M& T Bank Corp.;455;6019;1408.3;118594;27379;16354;Rene F. Jones;Chairman &  Chief Executive Officer;Male;Financials;Commercial Banks;3;Buffalo;NY;42.8864468;-78.8783689
468;Clorox;453;5973;701;4573;17225;8100;Benno O. Dorer;Chairman &  Chief Executive Officer;Male;Household Products;Household and Personal Products;19;Oakland;CA;37.8043637;-122.2711137
469;AmTrust Financial Services;475;5959;-348.9;25219;2416;9300;Barry D. Zyskind;Chairman, President &  Chief Executive Officer;Male;Financials;Insurance: Property and Casualty (Stock);2;New York;NY;40.7127753;-74.0059728
470;KKR;656;5930;1018.3;45835;9882;1184;Henry R. Kravis/George R. Roberts;Co-Chairman &  Co-Chief Executive Officer;Male;Financials;Securities;6;New York;NY;40.7127753;-74.0059728
471;Ulta Beauty;524;5885;555.2;2909;12459;24200;Mary N. Dillon;Chairman &  Chief Executive Officer;Female;Retailing;Specialty Retailers: Other;1;Bolingbrook;IL;41.6986416;-88.0683955
472;Yum Brands;422;5878;1340;5311;28307;60000;Greg Creed;Chief Executive Officer &  Director;Male;Hotels, Restaurants &  Leisure;Food Services;20;Louisville;KY;38.2526647;-85.7584557
473;Regeneron Pharmaceuticals;523;5872;1198.5;8764;37087;6200;Leonard S. Schleifer;President, Chief Executive Officer &  Director;Male;Health Care;Pharmaceuticals;1;Tarrytown;NY;41.0762077;-73.8587461
474;Windstream Holdings;485;5853;-2116.6;11084;289;12979;Anthony W. Thomas;President, Chief Executive Officer &  Director;Male;Telecommunications;Telecommunications;6;Little Rock;AR;34.7464809;-92.2895948
475;Magellan Health;526;5838;110.2;2957;2605;10700;Barry M. Smith;Chairman &  Chief Executive Officer;Male;Health Care;Health Care: Insurance and Managed Care;1;Scottsdale;AZ;33.4941704;-111.9260519
476;Western & Southern Financial;483;5836;310.4;46395;NA;2226;John F. Barrett;Chairman, President &  Chief Executive Officer;Male;Financials;Insurance: Life, Health (Mutual);14;Cincinnati;OH;39.1031182;-84.5120196
477;Intercontinental Exchange;437;5834;2514;78264;42132;4952;Jeffrey C. Sprecher;Chairman &  Chief Executive Officer;Male;Financials;Securities;2;Atlanta;GA;33.7489954;-84.3879824
478;Ingredion;456;5832;519;6080;9313;11000;James P. Zallie;President, Chief Executive Officer &  Director;Male;Food, Beverages &  Tobacco;Food Production;7;Westchester;IL;41.8498339;-87.8806738
479;Wyndham Destinations;461;5821;871;10403;11411;39200;Michael D. Brown;Chairman &  Chief Executive Officer;Male;Hotels, Restaurants &  Leisure;Hotels, Casinos, Resorts;5;Parsippany-Troy Hills;NJ;40.8652865;-74.4173877
480;Toll Brothers;497;5815;535.5;9445;6566;4500;Douglas C. Yearley Jr.;Chairman &  Chief Executive Officer;Male;Engineering &  Construction;Homebuilders;6;Horsham;PA;40.1784422;-75.1285061
481;Seaboard;486;5809;247;5161;4992;11800;Steven J. Bresky;Chairman, President &  Chief Executive Officer;Male;Food, Beverages &  Tobacco;Food Production;8;Merriam;KS;39.0236165;-94.6935701
482;Booz Allen Hamilton;481;5804;252.5;3373;5617;23300;Horacio D. Rozanski;;Male;Technology;Information Technology Services;8;McLean;VA;38.9338676;-77.1772604
483;First American Financial;464;5772;423;9573;6511;18705;Dennis J. Gilmore;Chairman &  Chief Executive Officer;Male;Financials;Insurance: Property and Casualty (Stock);4;Santa Ana;CA;33.7454725;-117.867653
484;Cincinnati Financial;476;5732;1045;21843;12185;4925;Steven J. Johnston;President, Chief Executive Officer &  Director;Male;Financials;Insurance: Property and Casualty (Stock);4;Fairfield;OH;39.3454673;-84.5603187
485;Avon Products;444;5716;22;3698;1251;25000;Jan Zijderveld;Chairman &  Chief Executive Officer;Male;Household Products;Household and Personal Products;24;Rye;NY;40.9806535;-73.6837399
486;Northern Trust;501;5716;1199;138591;23264;18100;Michael G. O'Grady;President, Chief Executive Officer &  Director;Male;Financials;Commercial Banks;7;Chicago;IL;41.8781136;-87.6297982
487;Fiserv;471;5696;1246;10289;29466;24000;;President, Chief Executive Officer &  Director;Male;Business Services;Financial Data Services;8;Brookfield;WI;43.0605671;-88.1064787
488;Harley-Davidson;435;5647;521.8;9973;7198;5800;Matthew S. Levatich;President, Chief Executive Officer &  Director;Male;Transportation;Transportation Equipment;17;Milwaukee;WI;43.0389025;-87.9064736
489;Cheniere Energy;NA;5601;-393;27906;12703;1230;Jack A. Fusco;President, Chief Executive Officer &  Director;Male;Energy;Energy;1;Houston;TX;29.7604267;-95.3698028
490;Patterson;466;5593;170.9;3508;2104;7500;Mark S. Walchirk;President, Chief Executive Officer &  Director;Male;Wholesalers;Wholesalers: Health Care;2;St Paul;MN;44.9537029;-93.0899578
491;Peabody Energy;533;5579;NA;8181;4649;7100;Glenn L. Kellow;President, Chief Executive Officer &  Director;Male;Energy;Mining, Crude-Oil Production;13;St. Louis;MO;38.6270025;-90.1994042
492;ON Semiconductor;598;5543;810.7;7195;10406;34000;Keith D. Jackson;President, Chief Executive Officer &  Director;Male;Technology;Semiconductors and Other Electronic Components;1;Phoenix;AZ;33.4483771;-112.0740373
493;Simon Property Group;477;5539;1948;32258;47861;4150;David E. Simon;Chairman &  Chief Executive Officer;Male;Financials;Real estate;5;Indianapolis;IN;39.768403;-86.158068
494;Western Union;478;5524;-557.1;9231;8857;11500;Hikmet Ersek;President, Chief Executive Officer &  Director;Male;Business Services;Financial Data Services;12;Englewood;CO;39.6477653;-104.9877597
495;NetApp;468;5519;509;9493;16528;10100;George Kurian;President, Chief Executive Officer &  Director;Male;Technology;Computers, Office Equipment;7;Sunnyvale;CA;;
496;Polaris Industries;537;5505;172.5;3090;7224;11000;Scott W. Wine;Chairman &  Chief Executive Officer;Male;Transportation;Transportation Equipment;1;Medina;MN;45.0352411;-93.5824586
497;Pioneer Natural Resources;606;5455;833;17003;29254;3836;Timothy L. Dove;President, Chief Executive Officer &  Director;Male;Energy;Mining, Crude-Oil Production;2;Irving;TX;32.8140177;-96.9488945
498;ABM Industries;500;5454;03. Aug;3813;2200;140000;Scott B. Salmirs;President, Chief Executive Officer &  Director;Male;Business Services;Diversified Outsourcing Services;3;New York;NY;40.7127753;-74.0059728
499;Vistra Energy;499;5430;-254;14600;8925;4150;Curtis A. Morgan;President, Chief Executive Officer &  Director;Male;Energy;Energy;2;Irving;TX;32.8140177;-96.9488945
500;Cintas;520;5429;480.7;6844;18165;42000;Scott D. Farmer;Chairman &  Chief Executive Officer;Male;Business Services;Diversified Outsourcing Services;1;Cincinnati;OH;39.1031182;-84.5120196
